run_id,block,trace_level,processor_type,sampler_type,sampler_ratio,exporter_type,n_lo,rep,duration_s,mhz_med,aperf_mhz,tctl_pre_c,tctl_post_c,hi_loops,run_dir,exit_code,spans_delivered
1,block1,0,0,0,0.0,0,0,1,20,2295,NA,51.4,51.0,2001,/home/benny/Scrivania/OTel-capabilities-for-mixed-criticality-workloads/2-DoE/block1/t0_p0_s0_r0.0_e0_n0/run_01,0,NA
2,block1,1,0,0,0.0,0,0,1,20,2295,NA,51.0,50.8,2000,/home/benny/Scrivania/OTel-capabilities-for-mixed-criticality-workloads/2-DoE/block1/t1_p0_s0_r0.0_e0_n0/run_01,0,NA
3,block1,2,0,0,0.0,0,0,1,20,2295,NA,50.8,50.6,2000,/home/benny/Scrivania/OTel-capabilities-for-mixed-criticality-workloads/2-DoE/block1/t2_p0_s0_r0.0_e0_n0/run_01,0,NA
4,block1,3,0,0,0.0,0,0,1,20,2295,NA,50.6,50.5,2000,/home/benny/Scrivania/OTel-capabilities-for-mixed-criticality-workloads/2-DoE/block1/t3_p0_s0_r0.0_e0_n0/run_01,0,NA
5,block1,0,0,0,0.0,0,0,2,20,2295,NA,50.5,50.5,2000,/home/benny/Scrivania/OTel-capabilities-for-mixed-criticality-workloads/2-DoE/block1/t0_p0_s0_r0.0_e0_n0/run_02,0,NA
6,block1,1,0,0,0.0,0,0,2,20,2295,NA,50.5,50.5,2000,/home/benny/Scrivania/OTel-capabilities-for-mixed-criticality-workloads/2-DoE/block1/t1_p0_s0_r0.0_e0_n0/run_02,0,NA
7,block1,2,0,0,0.0,0,0,2,20,2295,NA,50.5,50.5,2000,/home/benny/Scrivania/OTel-capabilities-for-mixed-criticality-workloads/2-DoE/block1/t2_p0_s0_r0.0_e0_n0/run_02,0,NA
8,block1,3,0,0,0.0,0,0,2,20,2295,NA,50.5,50.5,2000,/home/benny/Scrivania/OTel-capabilities-for-mixed-criticality-workloads/2-DoE/block1/t3_p0_s0_r0.0_e0_n0/run_02,0,NA
9,block1,0,0,0,0.0,0,0,3,20,2295,NA,50.5,50.5,2001,/home/benny/Scrivania/OTel-capabilities-for-mixed-criticality-workloads/2-DoE/block1/t0_p0_s0_r0.0_e0_n0/run_03,0,NA
10,block1,1,0,0,0.0,0,0,3,20,2295,NA,50.5,50.5,2000,/home/benny/Scrivania/OTel-capabilities-for-mixed-criticality-workloads/2-DoE/block1/t1_p0_s0_r0.0_e0_n0/run_03,0,NA
11,block1,2,0,0,0.0,0,0,3,20,2295,NA,50.5,50.5,2000,/home/benny/Scrivania/OTel-capabilities-for-mixed-criticality-workloads/2-DoE/block1/t2_p0_s0_r0.0_e0_n0/run_03,0,NA
12,block1,3,0,0,0.0,0,0,3,20,2295,NA,50.5,50.5,2000,/home/benny/Scrivania/OTel-capabilities-for-mixed-criticality-workloads/2-DoE/block1/t3_p0_s0_r0.0_e0_n0/run_03,0,NA
13,block1,0,0,0,0.0,0,0,4,20,2295,NA,50.5,50.2,2001,/home/benny/Scrivania/OTel-capabilities-for-mixed-criticality-workloads/2-DoE/block1/t0_p0_s0_r0.0_e0_n0/run_04,0,NA
14,block1,1,0,0,0.0,0,0,4,20,2295,NA,50.2,50.2,2000,/home/benny/Scrivania/OTel-capabilities-for-mixed-criticality-workloads/2-DoE/block1/t1_p0_s0_r0.0_e0_n0/run_04,0,NA
15,block1,2,0,0,0.0,0,0,4,20,2295,NA,50.2,50.2,2000,/home/benny/Scrivania/OTel-capabilities-for-mixed-criticality-workloads/2-DoE/block1/t2_p0_s0_r0.0_e0_n0/run_04,0,NA
16,block1,3,0,0,0.0,0,0,4,20,2295,NA,50.2,50.2,2000,/home/benny/Scrivania/OTel-capabilities-for-mixed-criticality-workloads/2-DoE/block1/t3_p0_s0_r0.0_e0_n0/run_04,0,NA
17,block1,0,0,0,0.0,0,0,5,20,2295,NA,50.2,50.2,2001,/home/benny/Scrivania/OTel-capabilities-for-mixed-criticality-workloads/2-DoE/block1/t0_p0_s0_r0.0_e0_n0/run_05,0,NA
18,block1,1,0,0,0.0,0,0,5,20,2295,NA,50.2,50.2,2000,/home/benny/Scrivania/OTel-capabilities-for-mixed-criticality-workloads/2-DoE/block1/t1_p0_s0_r0.0_e0_n0/run_05,0,NA
19,block1,2,0,0,0.0,0,0,5,20,2295,NA,50.2,50.2,2000,/home/benny/Scrivania/OTel-capabilities-for-mixed-criticality-workloads/2-DoE/block1/t2_p0_s0_r0.0_e0_n0/run_05,0,NA
20,block1,3,0,0,0.0,0,0,5,20,2295,NA,50.2,50.2,2000,/home/benny/Scrivania/OTel-capabilities-for-mixed-criticality-workloads/2-DoE/block1/t3_p0_s0_r0.0_e0_n0/run_05,0,NA
21,block1,0,0,0,0.0,0,0,6,20,2295,NA,50.2,50.2,2001,/home/benny/Scrivania/OTel-capabilities-for-mixed-criticality-workloads/2-DoE/block1/t0_p0_s0_r0.0_e0_n0/run_06,0,NA
22,block1,1,0,0,0.0,0,0,6,20,2295,NA,50.2,50.2,2000,/home/benny/Scrivania/OTel-capabilities-for-mixed-criticality-workloads/2-DoE/block1/t1_p0_s0_r0.0_e0_n0/run_06,0,NA
23,block1,2,0,0,0.0,0,0,6,20,2295,NA,50.2,50.2,2000,/home/benny/Scrivania/OTel-capabilities-for-mixed-criticality-workloads/2-DoE/block1/t2_p0_s0_r0.0_e0_n0/run_06,0,NA
24,block1,3,0,0,0.0,0,0,6,20,2295,NA,50.2,50.1,2000,/home/benny/Scrivania/OTel-capabilities-for-mixed-criticality-workloads/2-DoE/block1/t3_p0_s0_r0.0_e0_n0/run_06,0,NA
25,block1,0,0,0,0.0,0,0,7,20,2295,NA,50.1,50.0,2001,/home/benny/Scrivania/OTel-capabilities-for-mixed-criticality-workloads/2-DoE/block1/t0_p0_s0_r0.0_e0_n0/run_07,0,NA
26,block1,1,0,0,0.0,0,0,7,20,2295,NA,50.0,50.0,2000,/home/benny/Scrivania/OTel-capabilities-for-mixed-criticality-workloads/2-DoE/block1/t1_p0_s0_r0.0_e0_n0/run_07,0,NA
27,block1,2,0,0,0.0,0,0,7,20,2295,NA,50.0,50.2,2000,/home/benny/Scrivania/OTel-capabilities-for-mixed-criticality-workloads/2-DoE/block1/t2_p0_s0_r0.0_e0_n0/run_07,0,NA
28,block1,3,0,0,0.0,0,0,7,20,2295,NA,50.2,50.2,1999,/home/benny/Scrivania/OTel-capabilities-for-mixed-criticality-workloads/2-DoE/block1/t3_p0_s0_r0.0_e0_n0/run_07,0,NA
29,block1,0,0,0,0.0,0,0,8,20,2295,NA,50.2,50.1,2001,/home/benny/Scrivania/OTel-capabilities-for-mixed-criticality-workloads/2-DoE/block1/t0_p0_s0_r0.0_e0_n0/run_08,0,NA
30,block1,1,0,0,0.0,0,0,8,20,2295,NA,50.1,50.0,2000,/home/benny/Scrivania/OTel-capabilities-for-mixed-criticality-workloads/2-DoE/block1/t1_p0_s0_r0.0_e0_n0/run_08,0,NA
31,block1,2,0,0,0.0,0,0,8,20,2295,NA,50.0,50.1,2000,/home/benny/Scrivania/OTel-capabilities-for-mixed-criticality-workloads/2-DoE/block1/t2_p0_s0_r0.0_e0_n0/run_08,0,NA
32,block1,3,0,0,0.0,0,0,8,20,2295,NA,50.1,50.1,2000,/home/benny/Scrivania/OTel-capabilities-for-mixed-criticality-workloads/2-DoE/block1/t3_p0_s0_r0.0_e0_n0/run_08,0,NA
33,block1,0,0,0,0.0,0,0,9,20,2295,NA,50.1,50.0,2001,/home/benny/Scrivania/OTel-capabilities-for-mixed-criticality-workloads/2-DoE/block1/t0_p0_s0_r0.0_e0_n0/run_09,0,NA
34,block1,1,0,0,0.0,0,0,9,20,2295,NA,50.0,50.1,2000,/home/benny/Scrivania/OTel-capabilities-for-mixed-criticality-workloads/2-DoE/block1/t1_p0_s0_r0.0_e0_n0/run_09,0,NA
35,block1,2,0,0,0.0,0,0,9,20,2295,NA,50.1,50.2,2000,/home/benny/Scrivania/OTel-capabilities-for-mixed-criticality-workloads/2-DoE/block1/t2_p0_s0_r0.0_e0_n0/run_09,0,NA
36,block1,3,0,0,0.0,0,0,9,20,2295,NA,50.2,50.2,2000,/home/benny/Scrivania/OTel-capabilities-for-mixed-criticality-workloads/2-DoE/block1/t3_p0_s0_r0.0_e0_n0/run_09,0,NA
37,block1,0,0,0,0.0,0,0,10,20,2295,NA,50.2,50.0,2000,/home/benny/Scrivania/OTel-capabilities-for-mixed-criticality-workloads/2-DoE/block1/t0_p0_s0_r0.0_e0_n0/run_10,0,NA
38,block1,1,0,0,0.0,0,0,10,20,2295,NA,50.0,50.0,2000,/home/benny/Scrivania/OTel-capabilities-for-mixed-criticality-workloads/2-DoE/block1/t1_p0_s0_r0.0_e0_n0/run_10,0,NA
39,block1,2,0,0,0.0,0,0,10,20,2295,NA,50.0,50.0,2000,/home/benny/Scrivania/OTel-capabilities-for-mixed-criticality-workloads/2-DoE/block1/t2_p0_s0_r0.0_e0_n0/run_10,0,NA
40,block1,3,0,0,0.0,0,0,10,20,2295,NA,50.0,50.0,2002,/home/benny/Scrivania/OTel-capabilities-for-mixed-criticality-workloads/2-DoE/block1/t3_p0_s0_r0.0_e0_n0/run_10,0,NA
41,block1,0,0,0,0.0,0,0,11,20,2295,NA,50.0,50.0,2001,/home/benny/Scrivania/OTel-capabilities-for-mixed-criticality-workloads/2-DoE/block1/t0_p0_s0_r0.0_e0_n0/run_11,0,NA
42,block1,1,0,0,0.0,0,0,11,20,2295,NA,50.0,50.0,2000,/home/benny/Scrivania/OTel-capabilities-for-mixed-criticality-workloads/2-DoE/block1/t1_p0_s0_r0.0_e0_n0/run_11,0,NA
43,block1,2,0,0,0.0,0,0,11,20,2295,NA,50.0,50.0,2000,/home/benny/Scrivania/OTel-capabilities-for-mixed-criticality-workloads/2-DoE/block1/t2_p0_s0_r0.0_e0_n0/run_11,0,NA
44,block1,3,0,0,0.0,0,0,11,20,2295,NA,50.0,50.0,2000,/home/benny/Scrivania/OTel-capabilities-for-mixed-criticality-workloads/2-DoE/block1/t3_p0_s0_r0.0_e0_n0/run_11,0,NA
45,block1,0,0,0,0.0,0,0,12,20,2295,NA,50.0,50.0,2001,/home/benny/Scrivania/OTel-capabilities-for-mixed-criticality-workloads/2-DoE/block1/t0_p0_s0_r0.0_e0_n0/run_12,0,NA
46,block1,1,0,0,0.0,0,0,12,20,2295,NA,50.0,50.0,2000,/home/benny/Scrivania/OTel-capabilities-for-mixed-criticality-workloads/2-DoE/block1/t1_p0_s0_r0.0_e0_n0/run_12,0,NA
47,block1,2,0,0,0.0,0,0,12,20,2295,NA,50.0,50.0,2000,/home/benny/Scrivania/OTel-capabilities-for-mixed-criticality-workloads/2-DoE/block1/t2_p0_s0_r0.0_e0_n0/run_12,0,NA
48,block1,3,0,0,0.0,0,0,12,20,2295,NA,50.0,50.0,2000,/home/benny/Scrivania/OTel-capabilities-for-mixed-criticality-workloads/2-DoE/block1/t3_p0_s0_r0.0_e0_n0/run_12,0,NA
49,block1,0,0,0,0.0,0,0,13,20,2295,NA,50.0,50.0,2001,/home/benny/Scrivania/OTel-capabilities-for-mixed-criticality-workloads/2-DoE/block1/t0_p0_s0_r0.0_e0_n0/run_13,0,NA
50,block1,1,0,0,0.0,0,0,13,20,2295,NA,50.0,50.0,2000,/home/benny/Scrivania/OTel-capabilities-for-mixed-criticality-workloads/2-DoE/block1/t1_p0_s0_r0.0_e0_n0/run_13,0,NA
51,block1,2,0,0,0.0,0,0,13,20,2295,NA,50.0,50.0,2000,/home/benny/Scrivania/OTel-capabilities-for-mixed-criticality-workloads/2-DoE/block1/t2_p0_s0_r0.0_e0_n0/run_13,0,NA
52,block1,3,0,0,0.0,0,0,13,20,2295,NA,50.0,50.0,2000,/home/benny/Scrivania/OTel-capabilities-for-mixed-criticality-workloads/2-DoE/block1/t3_p0_s0_r0.0_e0_n0/run_13,0,NA
53,block1,0,0,0,0.0,0,0,14,20,2295,NA,50.0,50.0,2000,/home/benny/Scrivania/OTel-capabilities-for-mixed-criticality-workloads/2-DoE/block1/t0_p0_s0_r0.0_e0_n0/run_14,0,NA
54,block1,1,0,0,0.0,0,0,14,20,2295,NA,50.0,50.0,2000,/home/benny/Scrivania/OTel-capabilities-for-mixed-criticality-workloads/2-DoE/block1/t1_p0_s0_r0.0_e0_n0/run_14,0,NA
55,block1,2,0,0,0.0,0,0,14,20,2295,NA,50.0,50.0,2000,/home/benny/Scrivania/OTel-capabilities-for-mixed-criticality-workloads/2-DoE/block1/t2_p0_s0_r0.0_e0_n0/run_14,0,NA
56,block1,3,0,0,0.0,0,0,14,20,2295,NA,50.0,50.0,2000,/home/benny/Scrivania/OTel-capabilities-for-mixed-criticality-workloads/2-DoE/block1/t3_p0_s0_r0.0_e0_n0/run_14,0,NA
57,block1,0,0,0,0.0,0,0,15,20,2295,NA,50.0,50.0,2001,/home/benny/Scrivania/OTel-capabilities-for-mixed-criticality-workloads/2-DoE/block1/t0_p0_s0_r0.0_e0_n0/run_15,0,NA
58,block1,1,0,0,0.0,0,0,15,20,2295,NA,50.0,50.0,2000,/home/benny/Scrivania/OTel-capabilities-for-mixed-criticality-workloads/2-DoE/block1/t1_p0_s0_r0.0_e0_n0/run_15,0,NA
59,block1,2,0,0,0.0,0,0,15,20,2295,NA,50.0,50.0,2000,/home/benny/Scrivania/OTel-capabilities-for-mixed-criticality-workloads/2-DoE/block1/t2_p0_s0_r0.0_e0_n0/run_15,0,NA
60,block1,3,0,0,0.0,0,0,15,20,2295,NA,50.0,50.0,2000,/home/benny/Scrivania/OTel-capabilities-for-mixed-criticality-workloads/2-DoE/block1/t3_p0_s0_r0.0_e0_n0/run_15,0,NA
61,block1,0,0,0,0.0,0,0,16,20,2295,NA,50.0,50.0,2001,/home/benny/Scrivania/OTel-capabilities-for-mixed-criticality-workloads/2-DoE/block1/t0_p0_s0_r0.0_e0_n0/run_16,0,NA
62,block1,1,0,0,0.0,0,0,16,20,2295,NA,50.0,50.1,2000,/home/benny/Scrivania/OTel-capabilities-for-mixed-criticality-workloads/2-DoE/block1/t1_p0_s0_r0.0_e0_n0/run_16,0,NA
63,block1,2,0,0,0.0,0,0,16,20,2295,NA,50.1,50.2,2002,/home/benny/Scrivania/OTel-capabilities-for-mixed-criticality-workloads/2-DoE/block1/t2_p0_s0_r0.0_e0_n0/run_16,0,NA
64,block1,3,0,0,0.0,0,0,16,20,2295,NA,50.2,50.2,2000,/home/benny/Scrivania/OTel-capabilities-for-mixed-criticality-workloads/2-DoE/block1/t3_p0_s0_r0.0_e0_n0/run_16,0,NA
65,block1,0,0,0,0.0,0,0,17,20,2295,NA,50.2,50.0,2001,/home/benny/Scrivania/OTel-capabilities-for-mixed-criticality-workloads/2-DoE/block1/t0_p0_s0_r0.0_e0_n0/run_17,0,NA
66,block1,1,0,0,0.0,0,0,17,20,2295,NA,50.0,50.0,2000,/home/benny/Scrivania/OTel-capabilities-for-mixed-criticality-workloads/2-DoE/block1/t1_p0_s0_r0.0_e0_n0/run_17,0,NA
67,block1,2,0,0,0.0,0,0,17,20,2295,NA,50.0,50.0,2000,/home/benny/Scrivania/OTel-capabilities-for-mixed-criticality-workloads/2-DoE/block1/t2_p0_s0_r0.0_e0_n0/run_17,0,NA
68,block1,3,0,0,0.0,0,0,17,20,2295,NA,50.0,50.0,2000,/home/benny/Scrivania/OTel-capabilities-for-mixed-criticality-workloads/2-DoE/block1/t3_p0_s0_r0.0_e0_n0/run_17,0,NA
69,block1,0,0,0,0.0,0,0,18,20,2295,NA,50.0,50.0,2001,/home/benny/Scrivania/OTel-capabilities-for-mixed-criticality-workloads/2-DoE/block1/t0_p0_s0_r0.0_e0_n0/run_18,0,NA
70,block1,1,0,0,0.0,0,0,18,20,2295,NA,50.0,50.0,2000,/home/benny/Scrivania/OTel-capabilities-for-mixed-criticality-workloads/2-DoE/block1/t1_p0_s0_r0.0_e0_n0/run_18,0,NA
71,block1,2,0,0,0.0,0,0,18,20,2295,NA,50.0,50.0,2000,/home/benny/Scrivania/OTel-capabilities-for-mixed-criticality-workloads/2-DoE/block1/t2_p0_s0_r0.0_e0_n0/run_18,0,NA
72,block1,3,0,0,0.0,0,0,18,20,2295,NA,50.0,50.0,2000,/home/benny/Scrivania/OTel-capabilities-for-mixed-criticality-workloads/2-DoE/block1/t3_p0_s0_r0.0_e0_n0/run_18,0,NA
73,block1,0,0,0,0.0,0,0,19,20,2295,NA,50.0,50.0,2000,/home/benny/Scrivania/OTel-capabilities-for-mixed-criticality-workloads/2-DoE/block1/t0_p0_s0_r0.0_e0_n0/run_19,0,NA
74,block1,1,0,0,0.0,0,0,19,20,2295,NA,50.0,50.0,2000,/home/benny/Scrivania/OTel-capabilities-for-mixed-criticality-workloads/2-DoE/block1/t1_p0_s0_r0.0_e0_n0/run_19,0,NA
75,block1,2,0,0,0.0,0,0,19,20,2295,NA,50.0,50.0,2000,/home/benny/Scrivania/OTel-capabilities-for-mixed-criticality-workloads/2-DoE/block1/t2_p0_s0_r0.0_e0_n0/run_19,0,NA
76,block1,3,0,0,0.0,0,0,19,20,2295,NA,50.0,50.0,2000,/home/benny/Scrivania/OTel-capabilities-for-mixed-criticality-workloads/2-DoE/block1/t3_p0_s0_r0.0_e0_n0/run_19,0,NA
77,block1,0,0,0,0.0,0,0,20,20,2295,NA,50.0,50.0,2001,/home/benny/Scrivania/OTel-capabilities-for-mixed-criticality-workloads/2-DoE/block1/t0_p0_s0_r0.0_e0_n0/run_20,0,NA
78,block1,1,0,0,0.0,0,0,20,20,2295,NA,50.0,50.0,2000,/home/benny/Scrivania/OTel-capabilities-for-mixed-criticality-workloads/2-DoE/block1/t1_p0_s0_r0.0_e0_n0/run_20,0,NA
79,block1,2,0,0,0.0,0,0,20,20,2295,NA,50.0,50.0,2000,/home/benny/Scrivania/OTel-capabilities-for-mixed-criticality-workloads/2-DoE/block1/t2_p0_s0_r0.0_e0_n0/run_20,0,NA
80,block1,3,0,0,0.0,0,0,20,20,2295,NA,50.0,50.0,2000,/home/benny/Scrivania/OTel-capabilities-for-mixed-criticality-workloads/2-DoE/block1/t3_p0_s0_r0.0_e0_n0/run_20,0,NA
81,block2,2,0,2,0.0,1,4,1,20,2295,NA,48.1,50.5,2000,/home/benny/Scrivania/OTel-capabilities-for-mixed-criticality-workloads/2-DoE/block2/t2_p0_s2_r0.0_e1_n4/run_01,0,NA
82,block2,2,0,0,0.0,1,4,1,20,2295,NA,50.5,51.8,2000,/home/benny/Scrivania/OTel-capabilities-for-mixed-criticality-workloads/2-DoE/block2/t2_p0_s0_r0.0_e1_n4/run_01,0,NA
83,block2,2,0,1,0.1,1,4,1,20,2295,NA,51.6,51.9,2000,/home/benny/Scrivania/OTel-capabilities-for-mixed-criticality-workloads/2-DoE/block2/t2_p0_s1_r0.1_e1_n4/run_01,0,NA
84,block2,2,0,1,0.3,1,4,1,20,2295,NA,51.8,52.0,2000,/home/benny/Scrivania/OTel-capabilities-for-mixed-criticality-workloads/2-DoE/block2/t2_p0_s1_r0.3_e1_n4/run_01,0,NA
85,block2,2,0,1,0.5,1,4,1,20,2295,NA,52.0,51.8,2000,/home/benny/Scrivania/OTel-capabilities-for-mixed-criticality-workloads/2-DoE/block2/t2_p0_s1_r0.5_e1_n4/run_01,0,NA
86,block2,2,0,1,0.7,1,4,1,20,2295,NA,51.6,51.5,2000,/home/benny/Scrivania/OTel-capabilities-for-mixed-criticality-workloads/2-DoE/block2/t2_p0_s1_r0.7_e1_n4/run_01,0,NA
87,block2,2,0,2,0.0,1,4,2,20,2295,NA,51.4,51.1,2000,/home/benny/Scrivania/OTel-capabilities-for-mixed-criticality-workloads/2-DoE/block2/t2_p0_s2_r0.0_e1_n4/run_02,0,NA
88,block2,2,0,0,0.0,1,4,2,20,2295,NA,51.0,51.0,2000,/home/benny/Scrivania/OTel-capabilities-for-mixed-criticality-workloads/2-DoE/block2/t2_p0_s0_r0.0_e1_n4/run_02,0,NA
89,block2,2,0,1,0.1,1,4,2,20,2295,NA,51.0,51.2,2000,/home/benny/Scrivania/OTel-capabilities-for-mixed-criticality-workloads/2-DoE/block2/t2_p0_s1_r0.1_e1_n4/run_02,0,NA
90,block2,2,0,1,0.3,1,4,2,20,2295,NA,51.2,51.2,2000,/home/benny/Scrivania/OTel-capabilities-for-mixed-criticality-workloads/2-DoE/block2/t2_p0_s1_r0.3_e1_n4/run_02,0,NA
91,block2,2,0,1,0.5,1,4,2,20,2295,NA,51.2,51.2,2000,/home/benny/Scrivania/OTel-capabilities-for-mixed-criticality-workloads/2-DoE/block2/t2_p0_s1_r0.5_e1_n4/run_02,0,NA
92,block2,2,0,1,0.7,1,4,2,20,2295,NA,51.2,51.2,2000,/home/benny/Scrivania/OTel-capabilities-for-mixed-criticality-workloads/2-DoE/block2/t2_p0_s1_r0.7_e1_n4/run_02,0,NA
93,block2,2,0,2,0.0,1,4,3,20,2295,NA,51.1,51.0,2000,/home/benny/Scrivania/OTel-capabilities-for-mixed-criticality-workloads/2-DoE/block2/t2_p0_s2_r0.0_e1_n4/run_03,0,NA
94,block2,2,0,0,0.0,1,4,3,20,2295,NA,51.0,51.0,2000,/home/benny/Scrivania/OTel-capabilities-for-mixed-criticality-workloads/2-DoE/block2/t2_p0_s0_r0.0_e1_n4/run_03,0,NA
95,block2,2,0,1,0.1,1,4,3,20,2295,NA,51.0,51.0,2000,/home/benny/Scrivania/OTel-capabilities-for-mixed-criticality-workloads/2-DoE/block2/t2_p0_s1_r0.1_e1_n4/run_03,0,NA
96,block2,2,0,1,0.3,1,4,3,20,2295,NA,51.0,51.2,2000,/home/benny/Scrivania/OTel-capabilities-for-mixed-criticality-workloads/2-DoE/block2/t2_p0_s1_r0.3_e1_n4/run_03,0,NA
97,block2,2,0,1,0.5,1,4,3,20,2295,NA,51.1,51.2,2000,/home/benny/Scrivania/OTel-capabilities-for-mixed-criticality-workloads/2-DoE/block2/t2_p0_s1_r0.5_e1_n4/run_03,0,NA
98,block2,2,0,1,0.7,1,4,3,20,2295,NA,51.2,51.2,2000,/home/benny/Scrivania/OTel-capabilities-for-mixed-criticality-workloads/2-DoE/block2/t2_p0_s1_r0.7_e1_n4/run_03,0,NA
99,block2,2,0,2,0.0,1,4,4,20,2295,NA,51.2,51.2,2000,/home/benny/Scrivania/OTel-capabilities-for-mixed-criticality-workloads/2-DoE/block2/t2_p0_s2_r0.0_e1_n4/run_04,0,NA
100,block2,2,0,0,0.0,1,4,4,20,2295,NA,51.1,51.2,2000,/home/benny/Scrivania/OTel-capabilities-for-mixed-criticality-workloads/2-DoE/block2/t2_p0_s0_r0.0_e1_n4/run_04,0,NA
101,block2,2,0,1,0.1,1,4,4,20,2295,NA,51.2,51.2,2000,/home/benny/Scrivania/OTel-capabilities-for-mixed-criticality-workloads/2-DoE/block2/t2_p0_s1_r0.1_e1_n4/run_04,0,NA
102,block2,2,0,1,0.3,1,4,4,20,2295,NA,51.2,51.2,2000,/home/benny/Scrivania/OTel-capabilities-for-mixed-criticality-workloads/2-DoE/block2/t2_p0_s1_r0.3_e1_n4/run_04,0,NA
103,block2,2,0,1,0.5,1,4,4,20,2295,NA,51.1,51.2,2000,/home/benny/Scrivania/OTel-capabilities-for-mixed-criticality-workloads/2-DoE/block2/t2_p0_s1_r0.5_e1_n4/run_04,0,NA
104,block2,2,0,1,0.7,1,4,4,20,2295,NA,51.2,51.2,2000,/home/benny/Scrivania/OTel-capabilities-for-mixed-criticality-workloads/2-DoE/block2/t2_p0_s1_r0.7_e1_n4/run_04,0,NA
105,block2,2,0,2,0.0,1,4,5,20,2295,NA,51.1,51.2,2000,/home/benny/Scrivania/OTel-capabilities-for-mixed-criticality-workloads/2-DoE/block2/t2_p0_s2_r0.0_e1_n4/run_05,0,NA
106,block2,2,0,0,0.0,1,4,5,20,2295,NA,51.2,51.5,2000,/home/benny/Scrivania/OTel-capabilities-for-mixed-criticality-workloads/2-DoE/block2/t2_p0_s0_r0.0_e1_n4/run_05,0,NA
107,block2,2,0,1,0.1,1,4,5,20,2295,NA,51.5,51.5,2000,/home/benny/Scrivania/OTel-capabilities-for-mixed-criticality-workloads/2-DoE/block2/t2_p0_s1_r0.1_e1_n4/run_05,0,NA
108,block2,2,0,1,0.3,1,4,5,20,2295,NA,51.4,51.4,2000,/home/benny/Scrivania/OTel-capabilities-for-mixed-criticality-workloads/2-DoE/block2/t2_p0_s1_r0.3_e1_n4/run_05,0,NA
109,block2,2,0,1,0.5,1,4,5,20,2295,NA,51.4,51.5,2000,/home/benny/Scrivania/OTel-capabilities-for-mixed-criticality-workloads/2-DoE/block2/t2_p0_s1_r0.5_e1_n4/run_05,0,NA
110,block2,2,0,1,0.7,1,4,5,20,2295,NA,51.4,51.4,2000,/home/benny/Scrivania/OTel-capabilities-for-mixed-criticality-workloads/2-DoE/block2/t2_p0_s1_r0.7_e1_n4/run_05,0,NA
111,block2,2,0,2,0.0,1,4,6,20,2295,NA,51.4,51.2,2000,/home/benny/Scrivania/OTel-capabilities-for-mixed-criticality-workloads/2-DoE/block2/t2_p0_s2_r0.0_e1_n4/run_06,0,NA
112,block2,2,0,0,0.0,1,4,6,20,2295,NA,51.2,51.4,2000,/home/benny/Scrivania/OTel-capabilities-for-mixed-criticality-workloads/2-DoE/block2/t2_p0_s0_r0.0_e1_n4/run_06,0,NA
113,block2,2,0,1,0.1,1,4,6,20,2295,NA,51.2,51.2,2000,/home/benny/Scrivania/OTel-capabilities-for-mixed-criticality-workloads/2-DoE/block2/t2_p0_s1_r0.1_e1_n4/run_06,0,NA
114,block2,2,0,1,0.3,1,4,6,20,2295,NA,51.2,51.2,2000,/home/benny/Scrivania/OTel-capabilities-for-mixed-criticality-workloads/2-DoE/block2/t2_p0_s1_r0.3_e1_n4/run_06,0,NA
115,block2,2,0,1,0.5,1,4,6,20,2295,NA,51.2,51.4,2000,/home/benny/Scrivania/OTel-capabilities-for-mixed-criticality-workloads/2-DoE/block2/t2_p0_s1_r0.5_e1_n4/run_06,0,NA
116,block2,2,0,1,0.7,1,4,6,20,2295,NA,51.4,51.5,2000,/home/benny/Scrivania/OTel-capabilities-for-mixed-criticality-workloads/2-DoE/block2/t2_p0_s1_r0.7_e1_n4/run_06,0,NA
117,block2,2,0,2,0.0,1,4,7,20,2295,NA,51.4,51.2,2000,/home/benny/Scrivania/OTel-capabilities-for-mixed-criticality-workloads/2-DoE/block2/t2_p0_s2_r0.0_e1_n4/run_07,0,NA
118,block2,2,0,0,0.0,1,4,7,20,2295,NA,51.1,51.2,2000,/home/benny/Scrivania/OTel-capabilities-for-mixed-criticality-workloads/2-DoE/block2/t2_p0_s0_r0.0_e1_n4/run_07,0,NA
119,block2,2,0,1,0.1,1,4,7,20,2295,NA,51.2,51.5,2000,/home/benny/Scrivania/OTel-capabilities-for-mixed-criticality-workloads/2-DoE/block2/t2_p0_s1_r0.1_e1_n4/run_07,0,NA
120,block2,2,0,1,0.3,1,4,7,20,2295,NA,51.4,51.5,2000,/home/benny/Scrivania/OTel-capabilities-for-mixed-criticality-workloads/2-DoE/block2/t2_p0_s1_r0.3_e1_n4/run_07,0,NA
121,block2,2,0,1,0.5,1,4,7,20,2295,NA,51.5,52.2,2000,/home/benny/Scrivania/OTel-capabilities-for-mixed-criticality-workloads/2-DoE/block2/t2_p0_s1_r0.5_e1_n4/run_07,0,NA
122,block2,2,0,1,0.7,1,4,7,20,2295,NA,52.2,52.8,2000,/home/benny/Scrivania/OTel-capabilities-for-mixed-criticality-workloads/2-DoE/block2/t2_p0_s1_r0.7_e1_n4/run_07,0,NA
123,block2,2,0,2,0.0,1,4,8,20,2295,NA,52.6,52.8,2000,/home/benny/Scrivania/OTel-capabilities-for-mixed-criticality-workloads/2-DoE/block2/t2_p0_s2_r0.0_e1_n4/run_08,0,NA
124,block2,2,0,0,0.0,1,4,8,20,2295,NA,52.6,52.8,2000,/home/benny/Scrivania/OTel-capabilities-for-mixed-criticality-workloads/2-DoE/block2/t2_p0_s0_r0.0_e1_n4/run_08,0,NA
125,block2,2,0,1,0.1,1,4,8,20,2295,NA,52.8,53.0,2000,/home/benny/Scrivania/OTel-capabilities-for-mixed-criticality-workloads/2-DoE/block2/t2_p0_s1_r0.1_e1_n4/run_08,0,NA
126,block2,2,0,1,0.3,1,4,8,20,2295,NA,53.0,53.0,2000,/home/benny/Scrivania/OTel-capabilities-for-mixed-criticality-workloads/2-DoE/block2/t2_p0_s1_r0.3_e1_n4/run_08,0,NA
127,block2,2,0,1,0.5,1,4,8,20,2295,NA,53.0,53.2,2000,/home/benny/Scrivania/OTel-capabilities-for-mixed-criticality-workloads/2-DoE/block2/t2_p0_s1_r0.5_e1_n4/run_08,0,NA
128,block2,2,0,1,0.7,1,4,8,20,2295,NA,53.2,53.2,2000,/home/benny/Scrivania/OTel-capabilities-for-mixed-criticality-workloads/2-DoE/block2/t2_p0_s1_r0.7_e1_n4/run_08,0,NA
129,block2,2,0,2,0.0,1,4,9,20,2295,NA,53.2,53.2,2000,/home/benny/Scrivania/OTel-capabilities-for-mixed-criticality-workloads/2-DoE/block2/t2_p0_s2_r0.0_e1_n4/run_09,0,NA
130,block2,2,0,0,0.0,1,4,9,20,2295,NA,53.2,53.2,2000,/home/benny/Scrivania/OTel-capabilities-for-mixed-criticality-workloads/2-DoE/block2/t2_p0_s0_r0.0_e1_n4/run_09,0,NA
131,block2,2,0,1,0.1,1,4,9,20,2295,NA,53.2,53.8,2000,/home/benny/Scrivania/OTel-capabilities-for-mixed-criticality-workloads/2-DoE/block2/t2_p0_s1_r0.1_e1_n4/run_09,0,NA
132,block2,2,0,1,0.3,1,4,9,20,2295,NA,53.6,54.2,2000,/home/benny/Scrivania/OTel-capabilities-for-mixed-criticality-workloads/2-DoE/block2/t2_p0_s1_r0.3_e1_n4/run_09,0,NA
133,block2,2,0,1,0.5,1,4,9,20,2295,NA,54.2,54.4,2000,/home/benny/Scrivania/OTel-capabilities-for-mixed-criticality-workloads/2-DoE/block2/t2_p0_s1_r0.5_e1_n4/run_09,0,NA
134,block2,2,0,1,0.7,1,4,9,20,2295,NA,54.4,54.2,2000,/home/benny/Scrivania/OTel-capabilities-for-mixed-criticality-workloads/2-DoE/block2/t2_p0_s1_r0.7_e1_n4/run_09,0,NA
135,block2,2,0,2,0.0,1,4,10,20,2295,NA,54.2,54.0,2000,/home/benny/Scrivania/OTel-capabilities-for-mixed-criticality-workloads/2-DoE/block2/t2_p0_s2_r0.0_e1_n4/run_10,0,NA
136,block2,2,0,0,0.0,1,4,10,20,2295,NA,54.0,54.0,2000,/home/benny/Scrivania/OTel-capabilities-for-mixed-criticality-workloads/2-DoE/block2/t2_p0_s0_r0.0_e1_n4/run_10,0,NA
137,block2,2,0,1,0.1,1,4,10,20,2295,NA,54.0,54.0,2000,/home/benny/Scrivania/OTel-capabilities-for-mixed-criticality-workloads/2-DoE/block2/t2_p0_s1_r0.1_e1_n4/run_10,0,NA
138,block2,2,0,1,0.3,1,4,10,20,2295,NA,54.0,54.1,2000,/home/benny/Scrivania/OTel-capabilities-for-mixed-criticality-workloads/2-DoE/block2/t2_p0_s1_r0.3_e1_n4/run_10,0,NA
139,block2,2,0,1,0.5,1,4,10,20,2295,NA,54.1,54.0,2000,/home/benny/Scrivania/OTel-capabilities-for-mixed-criticality-workloads/2-DoE/block2/t2_p0_s1_r0.5_e1_n4/run_10,0,NA
140,block2,2,0,1,0.7,1,4,10,20,2295,NA,54.0,54.0,2000,/home/benny/Scrivania/OTel-capabilities-for-mixed-criticality-workloads/2-DoE/block2/t2_p0_s1_r0.7_e1_n4/run_10,0,NA
141,block2,2,0,2,0.0,1,4,11,20,2295,NA,54.0,54.1,2000,/home/benny/Scrivania/OTel-capabilities-for-mixed-criticality-workloads/2-DoE/block2/t2_p0_s2_r0.0_e1_n4/run_11,0,NA
142,block2,2,0,0,0.0,1,4,11,20,2295,NA,54.1,54.0,2000,/home/benny/Scrivania/OTel-capabilities-for-mixed-criticality-workloads/2-DoE/block2/t2_p0_s0_r0.0_e1_n4/run_11,0,NA
143,block2,2,0,1,0.1,1,4,11,20,2295,NA,54.0,54.2,2000,/home/benny/Scrivania/OTel-capabilities-for-mixed-criticality-workloads/2-DoE/block2/t2_p0_s1_r0.1_e1_n4/run_11,0,NA
144,block2,2,0,1,0.3,1,4,11,20,2295,NA,54.2,54.2,2000,/home/benny/Scrivania/OTel-capabilities-for-mixed-criticality-workloads/2-DoE/block2/t2_p0_s1_r0.3_e1_n4/run_11,0,NA
145,block2,2,0,1,0.5,1,4,11,20,2295,NA,54.2,54.2,2000,/home/benny/Scrivania/OTel-capabilities-for-mixed-criticality-workloads/2-DoE/block2/t2_p0_s1_r0.5_e1_n4/run_11,0,NA
146,block2,2,0,1,0.7,1,4,11,20,2295,NA,54.2,54.2,2000,/home/benny/Scrivania/OTel-capabilities-for-mixed-criticality-workloads/2-DoE/block2/t2_p0_s1_r0.7_e1_n4/run_11,0,NA
147,block2,2,0,2,0.0,1,4,12,20,2295,NA,54.2,54.2,2000,/home/benny/Scrivania/OTel-capabilities-for-mixed-criticality-workloads/2-DoE/block2/t2_p0_s2_r0.0_e1_n4/run_12,0,NA
148,block2,2,0,0,0.0,1,4,12,20,2295,NA,54.2,54.2,2000,/home/benny/Scrivania/OTel-capabilities-for-mixed-criticality-workloads/2-DoE/block2/t2_p0_s0_r0.0_e1_n4/run_12,0,NA
149,block2,2,0,1,0.1,1,4,12,20,2295,NA,54.2,54.4,2000,/home/benny/Scrivania/OTel-capabilities-for-mixed-criticality-workloads/2-DoE/block2/t2_p0_s1_r0.1_e1_n4/run_12,0,NA
150,block2,2,0,1,0.3,1,4,12,20,2295,NA,54.4,54.2,2000,/home/benny/Scrivania/OTel-capabilities-for-mixed-criticality-workloads/2-DoE/block2/t2_p0_s1_r0.3_e1_n4/run_12,0,NA
151,block2,2,0,1,0.5,1,4,12,20,2295,NA,54.2,54.5,2000,/home/benny/Scrivania/OTel-capabilities-for-mixed-criticality-workloads/2-DoE/block2/t2_p0_s1_r0.5_e1_n4/run_12,0,NA
152,block2,2,0,1,0.7,1,4,12,20,2295,NA,54.5,54.5,2000,/home/benny/Scrivania/OTel-capabilities-for-mixed-criticality-workloads/2-DoE/block2/t2_p0_s1_r0.7_e1_n4/run_12,0,NA
153,block2,2,0,2,0.0,1,4,13,20,2295,NA,54.5,54.4,2000,/home/benny/Scrivania/OTel-capabilities-for-mixed-criticality-workloads/2-DoE/block2/t2_p0_s2_r0.0_e1_n4/run_13,0,NA
154,block2,2,0,0,0.0,1,4,13,20,2295,NA,54.4,54.5,2000,/home/benny/Scrivania/OTel-capabilities-for-mixed-criticality-workloads/2-DoE/block2/t2_p0_s0_r0.0_e1_n4/run_13,0,NA
155,block2,2,0,1,0.1,1,4,13,20,2295,NA,54.5,54.5,2000,/home/benny/Scrivania/OTel-capabilities-for-mixed-criticality-workloads/2-DoE/block2/t2_p0_s1_r0.1_e1_n4/run_13,0,NA
156,block2,2,0,1,0.3,1,4,13,20,2295,NA,54.5,56.2,2000,/home/benny/Scrivania/OTel-capabilities-for-mixed-criticality-workloads/2-DoE/block2/t2_p0_s1_r0.3_e1_n4/run_13,0,NA
157,block2,2,0,1,0.5,1,4,13,20,2295,NA,56.2,56.8,2000,/home/benny/Scrivania/OTel-capabilities-for-mixed-criticality-workloads/2-DoE/block2/t2_p0_s1_r0.5_e1_n4/run_13,0,NA
158,block2,2,0,1,0.7,1,4,13,20,2295,NA,56.8,56.5,2000,/home/benny/Scrivania/OTel-capabilities-for-mixed-criticality-workloads/2-DoE/block2/t2_p0_s1_r0.7_e1_n4/run_13,0,NA
159,block2,2,0,2,0.0,1,4,14,20,2295,NA,56.5,56.5,2000,/home/benny/Scrivania/OTel-capabilities-for-mixed-criticality-workloads/2-DoE/block2/t2_p0_s2_r0.0_e1_n4/run_14,0,NA
160,block2,2,0,0,0.0,1,4,14,20,2295,NA,56.5,55.8,2000,/home/benny/Scrivania/OTel-capabilities-for-mixed-criticality-workloads/2-DoE/block2/t2_p0_s0_r0.0_e1_n4/run_14,0,NA
161,block2,2,0,1,0.1,1,4,14,20,2295,NA,55.8,55.5,2000,/home/benny/Scrivania/OTel-capabilities-for-mixed-criticality-workloads/2-DoE/block2/t2_p0_s1_r0.1_e1_n4/run_14,0,NA
162,block2,2,0,1,0.3,1,4,14,20,2295,NA,55.5,55.0,2000,/home/benny/Scrivania/OTel-capabilities-for-mixed-criticality-workloads/2-DoE/block2/t2_p0_s1_r0.3_e1_n4/run_14,0,NA
163,block2,2,0,1,0.5,1,4,14,20,2295,NA,54.9,55.2,2000,/home/benny/Scrivania/OTel-capabilities-for-mixed-criticality-workloads/2-DoE/block2/t2_p0_s1_r0.5_e1_n4/run_14,0,NA
164,block2,2,0,1,0.7,1,4,14,20,2295,NA,55.1,55.0,2000,/home/benny/Scrivania/OTel-capabilities-for-mixed-criticality-workloads/2-DoE/block2/t2_p0_s1_r0.7_e1_n4/run_14,0,NA
165,block2,2,0,2,0.0,1,4,15,20,2295,NA,55.0,55.0,2000,/home/benny/Scrivania/OTel-capabilities-for-mixed-criticality-workloads/2-DoE/block2/t2_p0_s2_r0.0_e1_n4/run_15,0,NA
166,block2,2,0,0,0.0,1,4,15,20,2295,NA,54.9,54.8,2000,/home/benny/Scrivania/OTel-capabilities-for-mixed-criticality-workloads/2-DoE/block2/t2_p0_s0_r0.0_e1_n4/run_15,0,NA
167,block2,2,0,1,0.1,1,4,15,20,2295,NA,54.8,54.8,2000,/home/benny/Scrivania/OTel-capabilities-for-mixed-criticality-workloads/2-DoE/block2/t2_p0_s1_r0.1_e1_n4/run_15,0,NA
168,block2,2,0,1,0.3,1,4,15,20,2295,NA,54.8,54.8,2000,/home/benny/Scrivania/OTel-capabilities-for-mixed-criticality-workloads/2-DoE/block2/t2_p0_s1_r0.3_e1_n4/run_15,0,NA
169,block2,2,0,1,0.5,1,4,15,20,2295,NA,54.8,54.5,2000,/home/benny/Scrivania/OTel-capabilities-for-mixed-criticality-workloads/2-DoE/block2/t2_p0_s1_r0.5_e1_n4/run_15,0,NA
170,block2,2,0,1,0.7,1,4,15,20,2295,NA,54.5,54.5,2000,/home/benny/Scrivania/OTel-capabilities-for-mixed-criticality-workloads/2-DoE/block2/t2_p0_s1_r0.7_e1_n4/run_15,0,NA
171,block2,2,0,2,0.0,1,4,16,20,2295,NA,54.5,54.5,2000,/home/benny/Scrivania/OTel-capabilities-for-mixed-criticality-workloads/2-DoE/block2/t2_p0_s2_r0.0_e1_n4/run_16,0,NA
172,block2,2,0,0,0.0,1,4,16,20,2295,NA,54.5,54.5,2000,/home/benny/Scrivania/OTel-capabilities-for-mixed-criticality-workloads/2-DoE/block2/t2_p0_s0_r0.0_e1_n4/run_16,0,NA
173,block2,2,0,1,0.1,1,4,16,20,2295,NA,54.4,54.5,2000,/home/benny/Scrivania/OTel-capabilities-for-mixed-criticality-workloads/2-DoE/block2/t2_p0_s1_r0.1_e1_n4/run_16,0,NA
174,block2,2,0,1,0.3,1,4,16,20,2295,NA,54.5,54.5,2000,/home/benny/Scrivania/OTel-capabilities-for-mixed-criticality-workloads/2-DoE/block2/t2_p0_s1_r0.3_e1_n4/run_16,0,NA
175,block2,2,0,1,0.5,1,4,16,20,2295,NA,54.5,54.5,2000,/home/benny/Scrivania/OTel-capabilities-for-mixed-criticality-workloads/2-DoE/block2/t2_p0_s1_r0.5_e1_n4/run_16,0,NA
176,block2,2,0,1,0.7,1,4,16,20,2295,NA,54.5,54.5,2000,/home/benny/Scrivania/OTel-capabilities-for-mixed-criticality-workloads/2-DoE/block2/t2_p0_s1_r0.7_e1_n4/run_16,0,NA
177,block2,2,0,2,0.0,1,4,17,20,2295,NA,54.5,54.2,2000,/home/benny/Scrivania/OTel-capabilities-for-mixed-criticality-workloads/2-DoE/block2/t2_p0_s2_r0.0_e1_n4/run_17,0,NA
178,block2,2,0,0,0.0,1,4,17,20,2295,NA,54.2,54.5,2000,/home/benny/Scrivania/OTel-capabilities-for-mixed-criticality-workloads/2-DoE/block2/t2_p0_s0_r0.0_e1_n4/run_17,0,NA
179,block2,2,0,1,0.1,1,4,17,20,2295,NA,54.5,54.5,2000,/home/benny/Scrivania/OTel-capabilities-for-mixed-criticality-workloads/2-DoE/block2/t2_p0_s1_r0.1_e1_n4/run_17,0,NA
180,block2,2,0,1,0.3,1,4,17,20,2295,NA,54.5,54.5,2000,/home/benny/Scrivania/OTel-capabilities-for-mixed-criticality-workloads/2-DoE/block2/t2_p0_s1_r0.3_e1_n4/run_17,0,NA
181,block2,2,0,1,0.5,1,4,17,20,2295,NA,54.5,54.5,2000,/home/benny/Scrivania/OTel-capabilities-for-mixed-criticality-workloads/2-DoE/block2/t2_p0_s1_r0.5_e1_n4/run_17,0,NA
182,block2,2,0,1,0.7,1,4,17,20,2295,NA,54.5,55.0,2000,/home/benny/Scrivania/OTel-capabilities-for-mixed-criticality-workloads/2-DoE/block2/t2_p0_s1_r0.7_e1_n4/run_17,0,NA
183,block2,2,0,2,0.0,1,4,18,20,2295,NA,55.0,55.0,2000,/home/benny/Scrivania/OTel-capabilities-for-mixed-criticality-workloads/2-DoE/block2/t2_p0_s2_r0.0_e1_n4/run_18,0,NA
184,block2,2,0,0,0.0,1,4,18,20,2295,NA,55.0,54.9,2000,/home/benny/Scrivania/OTel-capabilities-for-mixed-criticality-workloads/2-DoE/block2/t2_p0_s0_r0.0_e1_n4/run_18,0,NA
185,block2,2,0,1,0.1,1,4,18,20,2295,NA,54.8,54.8,2000,/home/benny/Scrivania/OTel-capabilities-for-mixed-criticality-workloads/2-DoE/block2/t2_p0_s1_r0.1_e1_n4/run_18,0,NA
186,block2,2,0,1,0.3,1,4,18,20,2295,NA,54.8,54.8,2000,/home/benny/Scrivania/OTel-capabilities-for-mixed-criticality-workloads/2-DoE/block2/t2_p0_s1_r0.3_e1_n4/run_18,0,NA
187,block2,2,0,1,0.5,1,4,18,20,2295,NA,54.8,54.8,2000,/home/benny/Scrivania/OTel-capabilities-for-mixed-criticality-workloads/2-DoE/block2/t2_p0_s1_r0.5_e1_n4/run_18,0,NA
188,block2,2,0,1,0.7,1,4,18,20,2295,NA,54.6,55.9,2000,/home/benny/Scrivania/OTel-capabilities-for-mixed-criticality-workloads/2-DoE/block2/t2_p0_s1_r0.7_e1_n4/run_18,0,NA
189,block2,2,0,2,0.0,1,4,19,20,2295,NA,55.9,56.5,2000,/home/benny/Scrivania/OTel-capabilities-for-mixed-criticality-workloads/2-DoE/block2/t2_p0_s2_r0.0_e1_n4/run_19,0,NA
190,block2,2,0,0,0.0,1,4,19,20,2295,NA,56.4,57.0,2000,/home/benny/Scrivania/OTel-capabilities-for-mixed-criticality-workloads/2-DoE/block2/t2_p0_s0_r0.0_e1_n4/run_19,0,NA
191,block2,2,0,1,0.1,1,4,19,20,2295,NA,56.9,56.5,2000,/home/benny/Scrivania/OTel-capabilities-for-mixed-criticality-workloads/2-DoE/block2/t2_p0_s1_r0.1_e1_n4/run_19,0,NA
192,block2,2,0,1,0.3,1,4,19,20,2295,NA,56.4,55.8,2000,/home/benny/Scrivania/OTel-capabilities-for-mixed-criticality-workloads/2-DoE/block2/t2_p0_s1_r0.3_e1_n4/run_19,0,NA
193,block2,2,0,1,0.5,1,4,19,20,2295,NA,55.8,55.4,2000,/home/benny/Scrivania/OTel-capabilities-for-mixed-criticality-workloads/2-DoE/block2/t2_p0_s1_r0.5_e1_n4/run_19,0,NA
194,block2,2,0,1,0.7,1,4,19,20,2295,NA,55.4,55.2,2000,/home/benny/Scrivania/OTel-capabilities-for-mixed-criticality-workloads/2-DoE/block2/t2_p0_s1_r0.7_e1_n4/run_19,0,NA
195,block2,2,0,2,0.0,1,4,20,20,2295,NA,55.1,55.0,2000,/home/benny/Scrivania/OTel-capabilities-for-mixed-criticality-workloads/2-DoE/block2/t2_p0_s2_r0.0_e1_n4/run_20,0,NA
196,block2,2,0,0,0.0,1,4,20,20,2295,NA,55.0,55.0,2000,/home/benny/Scrivania/OTel-capabilities-for-mixed-criticality-workloads/2-DoE/block2/t2_p0_s0_r0.0_e1_n4/run_20,0,NA
197,block2,2,0,1,0.1,1,4,20,20,2295,NA,55.0,55.0,2000,/home/benny/Scrivania/OTel-capabilities-for-mixed-criticality-workloads/2-DoE/block2/t2_p0_s1_r0.1_e1_n4/run_20,0,NA
198,block2,2,0,1,0.3,1,4,20,20,2295,NA,55.0,55.0,2000,/home/benny/Scrivania/OTel-capabilities-for-mixed-criticality-workloads/2-DoE/block2/t2_p0_s1_r0.3_e1_n4/run_20,0,NA
199,block2,2,0,1,0.5,1,4,20,20,2295,NA,54.9,54.8,2000,/home/benny/Scrivania/OTel-capabilities-for-mixed-criticality-workloads/2-DoE/block2/t2_p0_s1_r0.5_e1_n4/run_20,0,NA
200,block2,2,0,1,0.7,1,4,20,20,2295,NA,54.8,54.9,2000,/home/benny/Scrivania/OTel-capabilities-for-mixed-criticality-workloads/2-DoE/block2/t2_p0_s1_r0.7_e1_n4/run_20,0,NA
201,block2,2,0,2,0.0,1,4,21,20,2295,NA,54.9,54.8,2000,/home/benny/Scrivania/OTel-capabilities-for-mixed-criticality-workloads/2-DoE/block2/t2_p0_s2_r0.0_e1_n4/run_21,0,NA
202,block2,2,0,0,0.0,1,4,21,20,2295,NA,54.8,54.8,2000,/home/benny/Scrivania/OTel-capabilities-for-mixed-criticality-workloads/2-DoE/block2/t2_p0_s0_r0.0_e1_n4/run_21,0,NA
203,block2,2,0,1,0.1,1,4,21,20,2295,NA,54.8,54.8,2000,/home/benny/Scrivania/OTel-capabilities-for-mixed-criticality-workloads/2-DoE/block2/t2_p0_s1_r0.1_e1_n4/run_21,0,NA
204,block2,2,0,1,0.3,1,4,21,20,2295,NA,54.8,54.8,2000,/home/benny/Scrivania/OTel-capabilities-for-mixed-criticality-workloads/2-DoE/block2/t2_p0_s1_r0.3_e1_n4/run_21,0,NA
205,block2,2,0,1,0.5,1,4,21,20,2295,NA,54.8,54.8,2000,/home/benny/Scrivania/OTel-capabilities-for-mixed-criticality-workloads/2-DoE/block2/t2_p0_s1_r0.5_e1_n4/run_21,0,NA
206,block2,2,0,1,0.7,1,4,21,20,2295,NA,54.8,55.0,2000,/home/benny/Scrivania/OTel-capabilities-for-mixed-criticality-workloads/2-DoE/block2/t2_p0_s1_r0.7_e1_n4/run_21,0,NA
207,block2,2,0,2,0.0,1,4,22,20,2295,NA,54.9,54.9,2000,/home/benny/Scrivania/OTel-capabilities-for-mixed-criticality-workloads/2-DoE/block2/t2_p0_s2_r0.0_e1_n4/run_22,0,NA
208,block2,2,0,0,0.0,1,4,22,20,2295,NA,54.8,54.8,2000,/home/benny/Scrivania/OTel-capabilities-for-mixed-criticality-workloads/2-DoE/block2/t2_p0_s0_r0.0_e1_n4/run_22,0,NA
209,block2,2,0,1,0.1,1,4,22,20,2295,NA,54.8,54.8,2000,/home/benny/Scrivania/OTel-capabilities-for-mixed-criticality-workloads/2-DoE/block2/t2_p0_s1_r0.1_e1_n4/run_22,0,NA
210,block2,2,0,1,0.3,1,4,22,20,2295,NA,54.8,54.8,2000,/home/benny/Scrivania/OTel-capabilities-for-mixed-criticality-workloads/2-DoE/block2/t2_p0_s1_r0.3_e1_n4/run_22,0,NA
211,block2,2,0,1,0.5,1,4,22,20,2295,NA,54.8,54.8,2000,/home/benny/Scrivania/OTel-capabilities-for-mixed-criticality-workloads/2-DoE/block2/t2_p0_s1_r0.5_e1_n4/run_22,0,NA
212,block2,2,0,1,0.7,1,4,22,20,2295,NA,54.8,54.8,2000,/home/benny/Scrivania/OTel-capabilities-for-mixed-criticality-workloads/2-DoE/block2/t2_p0_s1_r0.7_e1_n4/run_22,0,NA
213,block2,2,0,2,0.0,1,4,23,20,2295,NA,54.8,54.8,2000,/home/benny/Scrivania/OTel-capabilities-for-mixed-criticality-workloads/2-DoE/block2/t2_p0_s2_r0.0_e1_n4/run_23,0,NA
214,block2,2,0,0,0.0,1,4,23,20,2295,NA,54.8,54.8,2000,/home/benny/Scrivania/OTel-capabilities-for-mixed-criticality-workloads/2-DoE/block2/t2_p0_s0_r0.0_e1_n4/run_23,0,NA
215,block2,2,0,1,0.1,1,4,23,20,2295,NA,54.8,54.8,2000,/home/benny/Scrivania/OTel-capabilities-for-mixed-criticality-workloads/2-DoE/block2/t2_p0_s1_r0.1_e1_n4/run_23,0,NA
216,block2,2,0,1,0.3,1,4,23,20,2295,NA,54.8,54.9,2000,/home/benny/Scrivania/OTel-capabilities-for-mixed-criticality-workloads/2-DoE/block2/t2_p0_s1_r0.3_e1_n4/run_23,0,NA
217,block2,2,0,1,0.5,1,4,23,20,2295,NA,54.9,54.8,2000,/home/benny/Scrivania/OTel-capabilities-for-mixed-criticality-workloads/2-DoE/block2/t2_p0_s1_r0.5_e1_n4/run_23,0,NA
218,block2,2,0,1,0.7,1,4,23,20,2295,NA,54.8,54.8,2000,/home/benny/Scrivania/OTel-capabilities-for-mixed-criticality-workloads/2-DoE/block2/t2_p0_s1_r0.7_e1_n4/run_23,0,NA
219,block2,2,0,2,0.0,1,4,24,20,2295,NA,54.8,54.8,2000,/home/benny/Scrivania/OTel-capabilities-for-mixed-criticality-workloads/2-DoE/block2/t2_p0_s2_r0.0_e1_n4/run_24,0,NA
220,block2,2,0,0,0.0,1,4,24,20,2295,NA,54.8,54.8,2000,/home/benny/Scrivania/OTel-capabilities-for-mixed-criticality-workloads/2-DoE/block2/t2_p0_s0_r0.0_e1_n4/run_24,0,NA
221,block2,2,0,1,0.1,1,4,24,20,2295,NA,54.8,54.8,2000,/home/benny/Scrivania/OTel-capabilities-for-mixed-criticality-workloads/2-DoE/block2/t2_p0_s1_r0.1_e1_n4/run_24,0,NA
222,block2,2,0,1,0.3,1,4,24,20,2295,NA,54.8,54.8,2000,/home/benny/Scrivania/OTel-capabilities-for-mixed-criticality-workloads/2-DoE/block2/t2_p0_s1_r0.3_e1_n4/run_24,0,NA
223,block2,2,0,1,0.5,1,4,24,20,2295,NA,54.8,54.8,2000,/home/benny/Scrivania/OTel-capabilities-for-mixed-criticality-workloads/2-DoE/block2/t2_p0_s1_r0.5_e1_n4/run_24,0,NA
224,block2,2,0,1,0.7,1,4,24,20,2295,NA,54.8,54.8,2000,/home/benny/Scrivania/OTel-capabilities-for-mixed-criticality-workloads/2-DoE/block2/t2_p0_s1_r0.7_e1_n4/run_24,0,NA
225,block2,2,0,2,0.0,1,4,25,20,2295,NA,54.8,54.8,2000,/home/benny/Scrivania/OTel-capabilities-for-mixed-criticality-workloads/2-DoE/block2/t2_p0_s2_r0.0_e1_n4/run_25,0,NA
226,block2,2,0,0,0.0,1,4,25,20,2295,NA,54.8,54.8,2000,/home/benny/Scrivania/OTel-capabilities-for-mixed-criticality-workloads/2-DoE/block2/t2_p0_s0_r0.0_e1_n4/run_25,0,NA
227,block2,2,0,1,0.1,1,4,25,20,2295,NA,54.8,54.8,2000,/home/benny/Scrivania/OTel-capabilities-for-mixed-criticality-workloads/2-DoE/block2/t2_p0_s1_r0.1_e1_n4/run_25,0,NA
228,block2,2,0,1,0.3,1,4,25,20,2295,NA,54.6,54.8,2000,/home/benny/Scrivania/OTel-capabilities-for-mixed-criticality-workloads/2-DoE/block2/t2_p0_s1_r0.3_e1_n4/run_25,0,NA
229,block2,2,0,1,0.5,1,4,25,20,2295,NA,54.8,54.8,2000,/home/benny/Scrivania/OTel-capabilities-for-mixed-criticality-workloads/2-DoE/block2/t2_p0_s1_r0.5_e1_n4/run_25,0,NA
230,block2,2,0,1,0.7,1,4,25,20,2295,NA,54.8,54.8,2000,/home/benny/Scrivania/OTel-capabilities-for-mixed-criticality-workloads/2-DoE/block2/t2_p0_s1_r0.7_e1_n4/run_25,0,NA
231,diag,2,0,2,0.0,1,4,1,20,2295,2295,52.5,54.9,2000,/home/benny/Scrivania/OTel-capabilities-for-mixed-criticality-workloads/2-DoE/diag/t2_p0_s2_r0.0_e1_n4/run_01,0,NA
232,diag,2,0,1,0.3,1,4,1,20,2295,2290,54.8,55.1,2000,/home/benny/Scrivania/OTel-capabilities-for-mixed-criticality-workloads/2-DoE/diag/t2_p0_s1_r0.3_e1_n4/run_01,0,NA
233,diag,2,0,0,0.0,1,4,1,20,2295,2288,55.0,54.9,2000,/home/benny/Scrivania/OTel-capabilities-for-mixed-criticality-workloads/2-DoE/diag/t2_p0_s0_r0.0_e1_n4/run_01,0,NA
234,diag,2,0,2,0.0,1,4,2,20,2295,2288,54.8,54.9,2000,/home/benny/Scrivania/OTel-capabilities-for-mixed-criticality-workloads/2-DoE/diag/t2_p0_s2_r0.0_e1_n4/run_02,0,NA
235,diag,2,0,1,0.3,1,4,2,20,2295,2287,54.8,54.9,2000,/home/benny/Scrivania/OTel-capabilities-for-mixed-criticality-workloads/2-DoE/diag/t2_p0_s1_r0.3_e1_n4/run_02,0,NA
236,diag,2,0,0,0.0,1,4,2,20,2295,2288,54.8,54.9,2000,/home/benny/Scrivania/OTel-capabilities-for-mixed-criticality-workloads/2-DoE/diag/t2_p0_s0_r0.0_e1_n4/run_02,0,NA
237,diag,2,0,2,0.0,1,4,3,20,2295,2287,54.8,54.9,2000,/home/benny/Scrivania/OTel-capabilities-for-mixed-criticality-workloads/2-DoE/diag/t2_p0_s2_r0.0_e1_n4/run_03,0,NA
238,diag,2,0,1,0.3,1,4,3,20,2295,2287,54.8,54.9,2000,/home/benny/Scrivania/OTel-capabilities-for-mixed-criticality-workloads/2-DoE/diag/t2_p0_s1_r0.3_e1_n4/run_03,0,NA
239,diag,2,0,0,0.0,1,4,3,20,2295,2289,54.8,54.9,2000,/home/benny/Scrivania/OTel-capabilities-for-mixed-criticality-workloads/2-DoE/diag/t2_p0_s0_r0.0_e1_n4/run_03,0,NA
240,diag,2,0,2,0.0,1,4,4,20,2295,2288,54.8,54.9,2000,/home/benny/Scrivania/OTel-capabilities-for-mixed-criticality-workloads/2-DoE/diag/t2_p0_s2_r0.0_e1_n4/run_04,0,NA
241,diag,2,0,1,0.3,1,4,4,20,2295,2288,54.8,54.9,2000,/home/benny/Scrivania/OTel-capabilities-for-mixed-criticality-workloads/2-DoE/diag/t2_p0_s1_r0.3_e1_n4/run_04,0,NA
242,diag,2,0,0,0.0,1,4,4,20,2295,2288,54.8,54.9,2000,/home/benny/Scrivania/OTel-capabilities-for-mixed-criticality-workloads/2-DoE/diag/t2_p0_s0_r0.0_e1_n4/run_04,0,NA
243,diag,2,0,2,0.0,1,4,5,20,2295,2287,54.8,54.9,2000,/home/benny/Scrivania/OTel-capabilities-for-mixed-criticality-workloads/2-DoE/diag/t2_p0_s2_r0.0_e1_n4/run_05,0,NA
244,diag,2,0,1,0.3,1,4,5,20,2295,2287,54.8,54.9,2000,/home/benny/Scrivania/OTel-capabilities-for-mixed-criticality-workloads/2-DoE/diag/t2_p0_s1_r0.3_e1_n4/run_05,0,NA
245,diag,2,0,0,0.0,1,4,5,20,2295,2287,54.8,54.9,2000,/home/benny/Scrivania/OTel-capabilities-for-mixed-criticality-workloads/2-DoE/diag/t2_p0_s0_r0.0_e1_n4/run_05,0,NA
246,diag,2,0,2,0.0,1,4,6,20,2295,2288,54.8,54.9,2000,/home/benny/Scrivania/OTel-capabilities-for-mixed-criticality-workloads/2-DoE/diag/t2_p0_s2_r0.0_e1_n4/run_06,0,NA
247,diag,2,0,1,0.3,1,4,6,20,2295,2288,54.8,54.9,2000,/home/benny/Scrivania/OTel-capabilities-for-mixed-criticality-workloads/2-DoE/diag/t2_p0_s1_r0.3_e1_n4/run_06,0,NA
248,diag,2,0,0,0.0,1,4,6,20,2295,2288,54.8,54.9,2000,/home/benny/Scrivania/OTel-capabilities-for-mixed-criticality-workloads/2-DoE/diag/t2_p0_s0_r0.0_e1_n4/run_06,0,NA
249,diag,2,0,2,0.0,1,4,7,20,2295,2287,54.8,54.9,2000,/home/benny/Scrivania/OTel-capabilities-for-mixed-criticality-workloads/2-DoE/diag/t2_p0_s2_r0.0_e1_n4/run_07,0,NA
250,diag,2,0,1,0.3,1,4,7,20,2295,2287,54.8,54.9,2000,/home/benny/Scrivania/OTel-capabilities-for-mixed-criticality-workloads/2-DoE/diag/t2_p0_s1_r0.3_e1_n4/run_07,0,NA
251,diag,2,0,0,0.0,1,4,7,20,2295,2288,54.8,54.9,2000,/home/benny/Scrivania/OTel-capabilities-for-mixed-criticality-workloads/2-DoE/diag/t2_p0_s0_r0.0_e1_n4/run_07,0,NA
252,diag,2,0,2,0.0,1,4,8,20,2295,2287,54.8,54.6,2000,/home/benny/Scrivania/OTel-capabilities-for-mixed-criticality-workloads/2-DoE/diag/t2_p0_s2_r0.0_e1_n4/run_08,0,NA
253,diag,2,0,1,0.3,1,4,8,20,2295,2287,54.5,54.6,2000,/home/benny/Scrivania/OTel-capabilities-for-mixed-criticality-workloads/2-DoE/diag/t2_p0_s1_r0.3_e1_n4/run_08,0,NA
254,diag,2,0,0,0.0,1,4,8,20,2295,2288,54.5,54.6,2000,/home/benny/Scrivania/OTel-capabilities-for-mixed-criticality-workloads/2-DoE/diag/t2_p0_s0_r0.0_e1_n4/run_08,0,NA
255,diag,2,0,2,0.0,1,4,9,20,2295,2288,54.5,54.6,2000,/home/benny/Scrivania/OTel-capabilities-for-mixed-criticality-workloads/2-DoE/diag/t2_p0_s2_r0.0_e1_n4/run_09,0,NA
256,diag,2,0,1,0.3,1,4,9,20,2295,2289,54.5,54.6,2000,/home/benny/Scrivania/OTel-capabilities-for-mixed-criticality-workloads/2-DoE/diag/t2_p0_s1_r0.3_e1_n4/run_09,0,NA
257,diag,2,0,0,0.0,1,4,9,20,2295,2288,54.5,54.6,2000,/home/benny/Scrivania/OTel-capabilities-for-mixed-criticality-workloads/2-DoE/diag/t2_p0_s0_r0.0_e1_n4/run_09,0,NA
258,diag,2,0,2,0.0,1,4,10,20,2295,2287,54.5,54.6,2000,/home/benny/Scrivania/OTel-capabilities-for-mixed-criticality-workloads/2-DoE/diag/t2_p0_s2_r0.0_e1_n4/run_10,0,NA
259,diag,2,0,1,0.3,1,4,10,20,2295,2287,54.5,54.6,2000,/home/benny/Scrivania/OTel-capabilities-for-mixed-criticality-workloads/2-DoE/diag/t2_p0_s1_r0.3_e1_n4/run_10,0,NA
260,diag,2,0,0,0.0,1,4,10,20,2295,2287,54.5,54.6,2000,/home/benny/Scrivania/OTel-capabilities-for-mixed-criticality-workloads/2-DoE/diag/t2_p0_s0_r0.0_e1_n4/run_10,0,NA
261,diag,2,0,2,0.0,1,4,11,20,2295,2288,54.5,54.6,2000,/home/benny/Scrivania/OTel-capabilities-for-mixed-criticality-workloads/2-DoE/diag/t2_p0_s2_r0.0_e1_n4/run_11,0,NA
262,diag,2,0,1,0.3,1,4,11,20,2295,2288,54.5,54.6,2000,/home/benny/Scrivania/OTel-capabilities-for-mixed-criticality-workloads/2-DoE/diag/t2_p0_s1_r0.3_e1_n4/run_11,0,NA
263,diag,2,0,0,0.0,1,4,11,20,2295,2289,54.5,54.6,2000,/home/benny/Scrivania/OTel-capabilities-for-mixed-criticality-workloads/2-DoE/diag/t2_p0_s0_r0.0_e1_n4/run_11,0,NA
264,diag,2,0,2,0.0,1,4,12,20,2295,2287,54.5,54.6,2000,/home/benny/Scrivania/OTel-capabilities-for-mixed-criticality-workloads/2-DoE/diag/t2_p0_s2_r0.0_e1_n4/run_12,0,NA
265,diag,2,0,1,0.3,1,4,12,20,2295,2287,54.5,54.6,2000,/home/benny/Scrivania/OTel-capabilities-for-mixed-criticality-workloads/2-DoE/diag/t2_p0_s1_r0.3_e1_n4/run_12,0,NA
266,diag,2,0,0,0.0,1,4,12,20,2295,2287,54.5,54.6,2000,/home/benny/Scrivania/OTel-capabilities-for-mixed-criticality-workloads/2-DoE/diag/t2_p0_s0_r0.0_e1_n4/run_12,0,NA
267,diag,2,0,2,0.0,1,4,13,20,2295,2288,54.5,54.6,2000,/home/benny/Scrivania/OTel-capabilities-for-mixed-criticality-workloads/2-DoE/diag/t2_p0_s2_r0.0_e1_n4/run_13,0,NA
268,diag,2,0,1,0.3,1,4,13,20,2295,2288,54.5,54.6,2000,/home/benny/Scrivania/OTel-capabilities-for-mixed-criticality-workloads/2-DoE/diag/t2_p0_s1_r0.3_e1_n4/run_13,0,NA
269,diag,2,0,0,0.0,1,4,13,20,2295,2288,54.5,54.6,2000,/home/benny/Scrivania/OTel-capabilities-for-mixed-criticality-workloads/2-DoE/diag/t2_p0_s0_r0.0_e1_n4/run_13,0,NA
270,diag,2,0,2,0.0,1,4,14,20,2295,2288,54.5,54.6,2000,/home/benny/Scrivania/OTel-capabilities-for-mixed-criticality-workloads/2-DoE/diag/t2_p0_s2_r0.0_e1_n4/run_14,0,NA
271,diag,2,0,1,0.3,1,4,14,20,2295,2286,54.5,54.6,2000,/home/benny/Scrivania/OTel-capabilities-for-mixed-criticality-workloads/2-DoE/diag/t2_p0_s1_r0.3_e1_n4/run_14,0,NA
272,diag,2,0,0,0.0,1,4,14,20,2295,2287,54.5,54.6,2000,/home/benny/Scrivania/OTel-capabilities-for-mixed-criticality-workloads/2-DoE/diag/t2_p0_s0_r0.0_e1_n4/run_14,0,NA
273,diag,2,0,2,0.0,1,4,15,20,2295,2288,54.5,54.6,2000,/home/benny/Scrivania/OTel-capabilities-for-mixed-criticality-workloads/2-DoE/diag/t2_p0_s2_r0.0_e1_n4/run_15,0,NA
274,diag,2,0,1,0.3,1,4,15,20,2295,2287,54.5,54.6,2000,/home/benny/Scrivania/OTel-capabilities-for-mixed-criticality-workloads/2-DoE/diag/t2_p0_s1_r0.3_e1_n4/run_15,0,NA
275,diag,2,0,0,0.0,1,4,15,20,2295,2288,54.5,54.6,2000,/home/benny/Scrivania/OTel-capabilities-for-mixed-criticality-workloads/2-DoE/diag/t2_p0_s0_r0.0_e1_n4/run_15,0,NA
276,diag,2,0,2,0.0,1,4,16,20,2295,2287,54.5,54.5,2000,/home/benny/Scrivania/OTel-capabilities-for-mixed-criticality-workloads/2-DoE/diag/t2_p0_s2_r0.0_e1_n4/run_16,0,NA
277,diag,2,0,1,0.3,1,4,16,20,2295,2287,54.4,54.6,2000,/home/benny/Scrivania/OTel-capabilities-for-mixed-criticality-workloads/2-DoE/diag/t2_p0_s1_r0.3_e1_n4/run_16,0,NA
278,diag,2,0,0,0.0,1,4,16,20,2295,2287,54.5,54.6,2000,/home/benny/Scrivania/OTel-capabilities-for-mixed-criticality-workloads/2-DoE/diag/t2_p0_s0_r0.0_e1_n4/run_16,0,NA
279,diag,2,0,2,0.0,1,4,17,20,2295,2287,54.5,54.6,2000,/home/benny/Scrivania/OTel-capabilities-for-mixed-criticality-workloads/2-DoE/diag/t2_p0_s2_r0.0_e1_n4/run_17,0,NA
280,diag,2,0,1,0.3,1,4,17,20,2295,2287,54.5,54.6,2000,/home/benny/Scrivania/OTel-capabilities-for-mixed-criticality-workloads/2-DoE/diag/t2_p0_s1_r0.3_e1_n4/run_17,0,NA
281,diag,2,0,0,0.0,1,4,17,20,2295,2293,54.5,55.0,2000,/home/benny/Scrivania/OTel-capabilities-for-mixed-criticality-workloads/2-DoE/diag/t2_p0_s0_r0.0_e1_n4/run_17,0,NA
282,diag,2,0,2,0.0,1,4,18,20,2295,2298,54.9,56.1,2000,/home/benny/Scrivania/OTel-capabilities-for-mixed-criticality-workloads/2-DoE/diag/t2_p0_s2_r0.0_e1_n4/run_18,0,NA
283,diag,2,0,1,0.3,1,4,18,20,2295,2298,56.1,56.9,2000,/home/benny/Scrivania/OTel-capabilities-for-mixed-criticality-workloads/2-DoE/diag/t2_p0_s1_r0.3_e1_n4/run_18,0,NA
284,diag,2,0,0,0.0,1,4,18,20,2295,2294,56.8,56.1,2000,/home/benny/Scrivania/OTel-capabilities-for-mixed-criticality-workloads/2-DoE/diag/t2_p0_s0_r0.0_e1_n4/run_18,0,NA
285,diag,2,0,2,0.0,1,4,19,20,2295,2288,56.0,55.6,2000,/home/benny/Scrivania/OTel-capabilities-for-mixed-criticality-workloads/2-DoE/diag/t2_p0_s2_r0.0_e1_n4/run_19,0,NA
286,diag,2,0,1,0.3,1,4,19,20,2295,2288,55.5,55.2,2000,/home/benny/Scrivania/OTel-capabilities-for-mixed-criticality-workloads/2-DoE/diag/t2_p0_s1_r0.3_e1_n4/run_19,0,NA
287,diag,2,0,0,0.0,1,4,19,20,2295,2287,55.1,55.1,2000,/home/benny/Scrivania/OTel-capabilities-for-mixed-criticality-workloads/2-DoE/diag/t2_p0_s0_r0.0_e1_n4/run_19,0,NA
288,diag,2,0,2,0.0,1,4,20,20,2295,2288,55.0,54.9,2000,/home/benny/Scrivania/OTel-capabilities-for-mixed-criticality-workloads/2-DoE/diag/t2_p0_s2_r0.0_e1_n4/run_20,0,NA
289,diag,2,0,1,0.3,1,4,20,20,2295,2287,54.8,54.9,2000,/home/benny/Scrivania/OTel-capabilities-for-mixed-criticality-workloads/2-DoE/diag/t2_p0_s1_r0.3_e1_n4/run_20,0,NA
290,diag,2,0,0,0.0,1,4,20,20,2295,2288,54.8,54.9,2000,/home/benny/Scrivania/OTel-capabilities-for-mixed-criticality-workloads/2-DoE/diag/t2_p0_s0_r0.0_e1_n4/run_20,0,NA
291,diag,2,0,2,0.0,1,4,21,20,2295,2287,54.8,54.6,2000,/home/benny/Scrivania/OTel-capabilities-for-mixed-criticality-workloads/2-DoE/diag/t2_p0_s2_r0.0_e1_n4/run_21,0,NA
292,diag,2,0,1,0.3,1,4,21,20,2295,2287,54.5,54.8,2000,/home/benny/Scrivania/OTel-capabilities-for-mixed-criticality-workloads/2-DoE/diag/t2_p0_s1_r0.3_e1_n4/run_21,0,NA
293,diag,2,0,0,0.0,1,4,21,20,2295,2287,54.6,54.6,2000,/home/benny/Scrivania/OTel-capabilities-for-mixed-criticality-workloads/2-DoE/diag/t2_p0_s0_r0.0_e1_n4/run_21,0,NA
294,diag,2,0,2,0.0,1,4,22,20,2295,2289,54.5,54.6,2000,/home/benny/Scrivania/OTel-capabilities-for-mixed-criticality-workloads/2-DoE/diag/t2_p0_s2_r0.0_e1_n4/run_22,0,NA
295,diag,2,0,1,0.3,1,4,22,20,2295,2287,54.5,54.6,2000,/home/benny/Scrivania/OTel-capabilities-for-mixed-criticality-workloads/2-DoE/diag/t2_p0_s1_r0.3_e1_n4/run_22,0,NA
296,diag,2,0,0,0.0,1,4,22,20,2295,2287,54.5,54.6,2000,/home/benny/Scrivania/OTel-capabilities-for-mixed-criticality-workloads/2-DoE/diag/t2_p0_s0_r0.0_e1_n4/run_22,0,NA
297,diag,2,0,2,0.0,1,4,23,20,2295,2288,54.5,54.6,2000,/home/benny/Scrivania/OTel-capabilities-for-mixed-criticality-workloads/2-DoE/diag/t2_p0_s2_r0.0_e1_n4/run_23,0,NA
298,diag,2,0,1,0.3,1,4,23,20,2295,2287,54.5,54.9,2000,/home/benny/Scrivania/OTel-capabilities-for-mixed-criticality-workloads/2-DoE/diag/t2_p0_s1_r0.3_e1_n4/run_23,0,NA
299,diag,2,0,0,0.0,1,4,23,20,2295,2286,54.8,54.6,2000,/home/benny/Scrivania/OTel-capabilities-for-mixed-criticality-workloads/2-DoE/diag/t2_p0_s0_r0.0_e1_n4/run_23,0,NA
300,diag,2,0,2,0.0,1,4,24,20,2295,2288,54.5,54.6,2000,/home/benny/Scrivania/OTel-capabilities-for-mixed-criticality-workloads/2-DoE/diag/t2_p0_s2_r0.0_e1_n4/run_24,0,NA
301,diag,2,0,1,0.3,1,4,24,20,2295,2286,54.5,54.8,2000,/home/benny/Scrivania/OTel-capabilities-for-mixed-criticality-workloads/2-DoE/diag/t2_p0_s1_r0.3_e1_n4/run_24,0,NA
302,diag,2,0,0,0.0,1,4,24,20,2295,2287,54.6,54.8,2000,/home/benny/Scrivania/OTel-capabilities-for-mixed-criticality-workloads/2-DoE/diag/t2_p0_s0_r0.0_e1_n4/run_24,0,NA
303,diag,2,0,2,0.0,1,4,25,20,2295,2288,54.6,54.6,2000,/home/benny/Scrivania/OTel-capabilities-for-mixed-criticality-workloads/2-DoE/diag/t2_p0_s2_r0.0_e1_n4/run_25,0,NA
304,diag,2,0,1,0.3,1,4,25,20,2295,2287,54.5,54.6,2000,/home/benny/Scrivania/OTel-capabilities-for-mixed-criticality-workloads/2-DoE/diag/t2_p0_s1_r0.3_e1_n4/run_25,0,NA
305,diag,2,0,0,0.0,1,4,25,20,2295,2288,54.5,54.6,2000,/home/benny/Scrivania/OTel-capabilities-for-mixed-criticality-workloads/2-DoE/diag/t2_p0_s0_r0.0_e1_n4/run_25,0,NA
306,block3,0,0,0,0.0,0,0,1,20,2295,2291,52.1,52.0,2001,/home/benny/Scrivania/OTel-capabilities-for-mixed-criticality-workloads/2-DoE/block3/t0_p0_s0_r0.0_e0_n0/run_01,0,NA
307,block3,3,0,0,0.0,0,0,1,20,2295,2290,52.0,51.8,2000,/home/benny/Scrivania/OTel-capabilities-for-mixed-criticality-workloads/2-DoE/block3/t3_p0_s0_r0.0_e0_n0/run_01,0,NA
308,block3,3,1,0,0.0,0,0,1,20,2295,2288,51.8,51.8,2000,/home/benny/Scrivania/OTel-capabilities-for-mixed-criticality-workloads/2-DoE/block3/t3_p1_s0_r0.0_e0_n0/run_01,0,NA
309,block3,0,0,0,0.0,0,1,1,20,2295,2286,51.8,52.2,2000,/home/benny/Scrivania/OTel-capabilities-for-mixed-criticality-workloads/2-DoE/block3/t0_p0_s0_r0.0_e0_n1/run_01,0,NA
310,block3,3,0,0,0.0,0,1,1,20,2295,2299,52.2,52.6,2000,/home/benny/Scrivania/OTel-capabilities-for-mixed-criticality-workloads/2-DoE/block3/t3_p0_s0_r0.0_e0_n1/run_01,0,NA
311,block3,3,1,0,0.0,0,1,1,20,2295,2298,52.6,52.9,2000,/home/benny/Scrivania/OTel-capabilities-for-mixed-criticality-workloads/2-DoE/block3/t3_p1_s0_r0.0_e0_n1/run_01,0,NA
312,block3,0,0,0,0.0,0,4,1,20,2295,2287,52.9,54.9,2000,/home/benny/Scrivania/OTel-capabilities-for-mixed-criticality-workloads/2-DoE/block3/t0_p0_s0_r0.0_e0_n4/run_01,0,NA
313,block3,3,0,0,0.0,0,4,1,20,2295,2300,54.8,55.4,2000,/home/benny/Scrivania/OTel-capabilities-for-mixed-criticality-workloads/2-DoE/block3/t3_p0_s0_r0.0_e0_n4/run_01,0,NA
314,block3,3,1,0,0.0,0,4,1,20,2295,2299,55.2,54.2,1980,/home/benny/Scrivania/OTel-capabilities-for-mixed-criticality-workloads/2-DoE/block3/t3_p1_s0_r0.0_e0_n4/run_01,134,NA
315,block3,0,0,0,0.0,0,8,1,20,2295,2289,54.2,55.1,2000,/home/benny/Scrivania/OTel-capabilities-for-mixed-criticality-workloads/2-DoE/block3/t0_p0_s0_r0.0_e0_n8/run_01,0,NA
316,block3,3,0,0,0.0,0,8,1,20,2295,2300,55.0,55.1,2000,/home/benny/Scrivania/OTel-capabilities-for-mixed-criticality-workloads/2-DoE/block3/t3_p0_s0_r0.0_e0_n8/run_01,0,NA
317,block3,3,1,0,0.0,0,8,1,20,2295,2299,55.0,54.4,1980,/home/benny/Scrivania/OTel-capabilities-for-mixed-criticality-workloads/2-DoE/block3/t3_p1_s0_r0.0_e0_n8/run_01,134,NA
318,block3,0,0,0,0.0,0,0,2,20,2295,2290,54.2,52.2,2001,/home/benny/Scrivania/OTel-capabilities-for-mixed-criticality-workloads/2-DoE/block3/t0_p0_s0_r0.0_e0_n0/run_02,0,NA
319,block3,3,0,0,0.0,0,0,2,20,2295,2287,52.2,51.9,2000,/home/benny/Scrivania/OTel-capabilities-for-mixed-criticality-workloads/2-DoE/block3/t3_p0_s0_r0.0_e0_n0/run_02,0,NA
320,block3,3,1,0,0.0,0,0,2,20,2295,2285,51.9,52.0,2000,/home/benny/Scrivania/OTel-capabilities-for-mixed-criticality-workloads/2-DoE/block3/t3_p1_s0_r0.0_e0_n0/run_02,0,NA
321,block3,0,0,0,0.0,0,1,2,20,2295,2286,52.0,52.5,2000,/home/benny/Scrivania/OTel-capabilities-for-mixed-criticality-workloads/2-DoE/block3/t0_p0_s0_r0.0_e0_n1/run_02,0,NA
322,block3,3,0,0,0.0,0,1,2,20,2295,2299,52.5,52.8,2000,/home/benny/Scrivania/OTel-capabilities-for-mixed-criticality-workloads/2-DoE/block3/t3_p0_s0_r0.0_e0_n1/run_02,0,NA
323,block3,3,1,0,0.0,0,1,2,20,2295,2299,52.8,53.0,2000,/home/benny/Scrivania/OTel-capabilities-for-mixed-criticality-workloads/2-DoE/block3/t3_p1_s0_r0.0_e0_n1/run_02,134,NA
324,block3,0,0,0,0.0,0,4,2,20,2295,2288,53.0,55.1,2000,/home/benny/Scrivania/OTel-capabilities-for-mixed-criticality-workloads/2-DoE/block3/t0_p0_s0_r0.0_e0_n4/run_02,0,NA
325,block3,3,0,0,0.0,0,4,2,20,2295,2300,55.0,55.4,2000,/home/benny/Scrivania/OTel-capabilities-for-mixed-criticality-workloads/2-DoE/block3/t3_p0_s0_r0.0_e0_n4/run_02,0,NA
326,block3,3,1,0,0.0,0,4,2,20,2295,2299,55.2,54.2,1980,/home/benny/Scrivania/OTel-capabilities-for-mixed-criticality-workloads/2-DoE/block3/t3_p1_s0_r0.0_e0_n4/run_02,134,NA
327,block3,0,0,0,0.0,0,8,2,20,2295,2289,54.2,55.4,2000,/home/benny/Scrivania/OTel-capabilities-for-mixed-criticality-workloads/2-DoE/block3/t0_p0_s0_r0.0_e0_n8/run_02,0,NA
328,block3,3,0,0,0.0,0,8,2,20,2295,2300,55.2,55.6,2000,/home/benny/Scrivania/OTel-capabilities-for-mixed-criticality-workloads/2-DoE/block3/t3_p0_s0_r0.0_e0_n8/run_02,0,NA
329,block3,3,1,0,0.0,0,8,2,20,2295,2299,55.5,54.6,1980,/home/benny/Scrivania/OTel-capabilities-for-mixed-criticality-workloads/2-DoE/block3/t3_p1_s0_r0.0_e0_n8/run_02,134,NA
330,block3,0,0,0,0.0,0,0,3,20,2295,2289,54.6,52.2,2001,/home/benny/Scrivania/OTel-capabilities-for-mixed-criticality-workloads/2-DoE/block3/t0_p0_s0_r0.0_e0_n0/run_03,0,NA
331,block3,3,0,0,0.0,0,0,3,20,2295,2289,52.2,51.8,2000,/home/benny/Scrivania/OTel-capabilities-for-mixed-criticality-workloads/2-DoE/block3/t3_p0_s0_r0.0_e0_n0/run_03,0,NA
332,block3,3,1,0,0.0,0,0,3,20,2295,2286,51.8,51.8,2001,/home/benny/Scrivania/OTel-capabilities-for-mixed-criticality-workloads/2-DoE/block3/t3_p1_s0_r0.0_e0_n0/run_03,0,NA
333,block3,0,0,0,0.0,0,1,3,20,2295,2286,51.8,52.2,2000,/home/benny/Scrivania/OTel-capabilities-for-mixed-criticality-workloads/2-DoE/block3/t0_p0_s0_r0.0_e0_n1/run_03,0,NA
334,block3,3,0,0,0.0,0,1,3,20,2295,2299,52.2,52.8,2000,/home/benny/Scrivania/OTel-capabilities-for-mixed-criticality-workloads/2-DoE/block3/t3_p0_s0_r0.0_e0_n1/run_03,0,NA
335,block3,3,1,0,0.0,0,1,3,20,2295,2299,52.8,53.1,1980,/home/benny/Scrivania/OTel-capabilities-for-mixed-criticality-workloads/2-DoE/block3/t3_p1_s0_r0.0_e0_n1/run_03,134,NA
336,block3,0,0,0,0.0,0,4,3,20,2295,2288,53.1,55.1,2000,/home/benny/Scrivania/OTel-capabilities-for-mixed-criticality-workloads/2-DoE/block3/t0_p0_s0_r0.0_e0_n4/run_03,0,NA
337,block3,3,0,0,0.0,0,4,3,20,2295,2300,55.0,55.9,2000,/home/benny/Scrivania/OTel-capabilities-for-mixed-criticality-workloads/2-DoE/block3/t3_p0_s0_r0.0_e0_n4/run_03,0,NA
338,block3,3,1,0,0.0,0,4,3,20,2295,2299,55.8,54.6,1980,/home/benny/Scrivania/OTel-capabilities-for-mixed-criticality-workloads/2-DoE/block3/t3_p1_s0_r0.0_e0_n4/run_03,134,NA
339,block3,0,0,0,0.0,0,8,3,20,2295,2289,54.6,55.4,2000,/home/benny/Scrivania/OTel-capabilities-for-mixed-criticality-workloads/2-DoE/block3/t0_p0_s0_r0.0_e0_n8/run_03,0,NA
340,block3,3,0,0,0.0,0,8,3,20,2295,2300,55.2,55.4,2000,/home/benny/Scrivania/OTel-capabilities-for-mixed-criticality-workloads/2-DoE/block3/t3_p0_s0_r0.0_e0_n8/run_03,0,NA
341,block3,3,1,0,0.0,0,8,3,20,2295,2299,55.2,54.6,1980,/home/benny/Scrivania/OTel-capabilities-for-mixed-criticality-workloads/2-DoE/block3/t3_p1_s0_r0.0_e0_n8/run_03,134,NA
342,block3,0,0,0,0.0,0,0,4,20,2295,2290,54.5,52.2,2000,/home/benny/Scrivania/OTel-capabilities-for-mixed-criticality-workloads/2-DoE/block3/t0_p0_s0_r0.0_e0_n0/run_04,0,NA
343,block3,3,0,0,0.0,0,0,4,20,2295,2288,52.2,52.0,2000,/home/benny/Scrivania/OTel-capabilities-for-mixed-criticality-workloads/2-DoE/block3/t3_p0_s0_r0.0_e0_n0/run_04,0,NA
344,block3,3,1,0,0.0,0,0,4,20,2295,2287,52.0,52.0,2000,/home/benny/Scrivania/OTel-capabilities-for-mixed-criticality-workloads/2-DoE/block3/t3_p1_s0_r0.0_e0_n0/run_04,0,NA
345,block3,0,0,0,0.0,0,1,4,20,2295,2286,52.0,52.2,2000,/home/benny/Scrivania/OTel-capabilities-for-mixed-criticality-workloads/2-DoE/block3/t0_p0_s0_r0.0_e0_n1/run_04,0,NA
346,block3,3,0,0,0.0,0,1,4,20,2295,2300,52.2,52.6,2000,/home/benny/Scrivania/OTel-capabilities-for-mixed-criticality-workloads/2-DoE/block3/t3_p0_s0_r0.0_e0_n1/run_04,0,NA
347,block3,3,1,0,0.0,0,1,4,20,2295,2298,52.6,53.0,1980,/home/benny/Scrivania/OTel-capabilities-for-mixed-criticality-workloads/2-DoE/block3/t3_p1_s0_r0.0_e0_n1/run_04,134,NA
348,block3,0,0,0,0.0,0,4,4,20,2295,2287,53.0,55.0,2000,/home/benny/Scrivania/OTel-capabilities-for-mixed-criticality-workloads/2-DoE/block3/t0_p0_s0_r0.0_e0_n4/run_04,0,NA
349,block3,3,0,0,0.0,0,4,4,20,2295,2300,54.9,55.1,2000,/home/benny/Scrivania/OTel-capabilities-for-mixed-criticality-workloads/2-DoE/block3/t3_p0_s0_r0.0_e0_n4/run_04,0,NA
350,block3,3,1,0,0.0,0,4,4,20,2295,2299,55.0,54.2,1980,/home/benny/Scrivania/OTel-capabilities-for-mixed-criticality-workloads/2-DoE/block3/t3_p1_s0_r0.0_e0_n4/run_04,134,NA
351,block3,0,0,0,0.0,0,8,4,20,2295,2289,54.2,55.4,2000,/home/benny/Scrivania/OTel-capabilities-for-mixed-criticality-workloads/2-DoE/block3/t0_p0_s0_r0.0_e0_n8/run_04,0,NA
352,block3,3,0,0,0.0,0,8,4,20,2295,2300,55.2,55.4,2000,/home/benny/Scrivania/OTel-capabilities-for-mixed-criticality-workloads/2-DoE/block3/t3_p0_s0_r0.0_e0_n8/run_04,0,NA
353,block3,3,1,0,0.0,0,8,4,20,2295,2299,55.2,54.5,1980,/home/benny/Scrivania/OTel-capabilities-for-mixed-criticality-workloads/2-DoE/block3/t3_p1_s0_r0.0_e0_n8/run_04,134,NA
354,block3,0,0,0,0.0,0,0,5,20,2295,2290,54.5,52.2,2000,/home/benny/Scrivania/OTel-capabilities-for-mixed-criticality-workloads/2-DoE/block3/t0_p0_s0_r0.0_e0_n0/run_05,0,NA
355,block3,3,0,0,0.0,0,0,5,20,2295,2287,52.2,52.0,2000,/home/benny/Scrivania/OTel-capabilities-for-mixed-criticality-workloads/2-DoE/block3/t3_p0_s0_r0.0_e0_n0/run_05,0,NA
356,block3,3,1,0,0.0,0,0,5,20,2295,2287,52.0,52.0,2002,/home/benny/Scrivania/OTel-capabilities-for-mixed-criticality-workloads/2-DoE/block3/t3_p1_s0_r0.0_e0_n0/run_05,0,NA
357,block3,0,0,0,0.0,0,1,5,20,2295,2286,52.0,52.2,2000,/home/benny/Scrivania/OTel-capabilities-for-mixed-criticality-workloads/2-DoE/block3/t0_p0_s0_r0.0_e0_n1/run_05,0,NA
358,block3,3,0,0,0.0,0,1,5,20,2295,2299,52.2,52.8,2000,/home/benny/Scrivania/OTel-capabilities-for-mixed-criticality-workloads/2-DoE/block3/t3_p0_s0_r0.0_e0_n1/run_05,0,NA
359,block3,3,1,0,0.0,0,1,5,20,2295,2298,52.8,52.8,2000,/home/benny/Scrivania/OTel-capabilities-for-mixed-criticality-workloads/2-DoE/block3/t3_p1_s0_r0.0_e0_n1/run_05,0,NA
360,block3,0,0,0,0.0,0,4,5,20,2295,2287,52.8,54.9,2000,/home/benny/Scrivania/OTel-capabilities-for-mixed-criticality-workloads/2-DoE/block3/t0_p0_s0_r0.0_e0_n4/run_05,0,NA
361,block3,3,0,0,0.0,0,4,5,20,2295,2300,54.8,55.1,2000,/home/benny/Scrivania/OTel-capabilities-for-mixed-criticality-workloads/2-DoE/block3/t3_p0_s0_r0.0_e0_n4/run_05,0,NA
362,block3,3,1,0,0.0,0,4,5,20,2295,2299,55.0,54.6,2000,/home/benny/Scrivania/OTel-capabilities-for-mixed-criticality-workloads/2-DoE/block3/t3_p1_s0_r0.0_e0_n4/run_05,0,NA
363,block3,0,0,0,0.0,0,8,5,20,2295,2289,54.5,55.4,2000,/home/benny/Scrivania/OTel-capabilities-for-mixed-criticality-workloads/2-DoE/block3/t0_p0_s0_r0.0_e0_n8/run_05,0,NA
364,block3,3,0,0,0.0,0,8,5,20,2295,2300,55.2,55.4,2000,/home/benny/Scrivania/OTel-capabilities-for-mixed-criticality-workloads/2-DoE/block3/t3_p0_s0_r0.0_e0_n8/run_05,0,NA
365,block3,3,1,0,0.0,0,8,5,20,2295,2299,55.2,54.5,1980,/home/benny/Scrivania/OTel-capabilities-for-mixed-criticality-workloads/2-DoE/block3/t3_p1_s0_r0.0_e0_n8/run_05,134,NA
366,block3,0,0,0,0.0,0,0,6,20,2295,2291,54.4,52.5,2001,/home/benny/Scrivania/OTel-capabilities-for-mixed-criticality-workloads/2-DoE/block3/t0_p0_s0_r0.0_e0_n0/run_06,0,NA
367,block3,3,0,0,0.0,0,0,6,20,2295,2286,52.5,52.8,2000,/home/benny/Scrivania/OTel-capabilities-for-mixed-criticality-workloads/2-DoE/block3/t3_p0_s0_r0.0_e0_n0/run_06,0,NA
368,block3,3,1,0,0.0,0,0,6,20,2295,2289,52.8,52.2,2002,/home/benny/Scrivania/OTel-capabilities-for-mixed-criticality-workloads/2-DoE/block3/t3_p1_s0_r0.0_e0_n0/run_06,0,NA
369,block3,0,0,0,0.0,0,1,6,20,2295,2289,52.2,52.8,2000,/home/benny/Scrivania/OTel-capabilities-for-mixed-criticality-workloads/2-DoE/block3/t0_p0_s0_r0.0_e0_n1/run_06,0,NA
370,block3,3,0,0,0.0,0,1,6,20,2295,2300,52.8,53.0,2000,/home/benny/Scrivania/OTel-capabilities-for-mixed-criticality-workloads/2-DoE/block3/t3_p0_s0_r0.0_e0_n1/run_06,0,NA
371,block3,3,1,0,0.0,0,1,6,20,2295,2299,53.0,53.2,1980,/home/benny/Scrivania/OTel-capabilities-for-mixed-criticality-workloads/2-DoE/block3/t3_p1_s0_r0.0_e0_n1/run_06,134,NA
372,block3,0,0,0,0.0,0,4,6,20,2295,2291,53.2,55.1,2000,/home/benny/Scrivania/OTel-capabilities-for-mixed-criticality-workloads/2-DoE/block3/t0_p0_s0_r0.0_e0_n4/run_06,0,NA
373,block3,3,0,0,0.0,0,4,6,20,2295,2300,55.0,55.2,2000,/home/benny/Scrivania/OTel-capabilities-for-mixed-criticality-workloads/2-DoE/block3/t3_p0_s0_r0.0_e0_n4/run_06,0,NA
374,block3,3,1,0,0.0,0,4,6,20,2295,2299,55.1,55.2,1980,/home/benny/Scrivania/OTel-capabilities-for-mixed-criticality-workloads/2-DoE/block3/t3_p1_s0_r0.0_e0_n4/run_06,134,NA
375,block3,0,0,0,0.0,0,8,6,20,2295,2294,55.2,56.1,2000,/home/benny/Scrivania/OTel-capabilities-for-mixed-criticality-workloads/2-DoE/block3/t0_p0_s0_r0.0_e0_n8/run_06,0,NA
376,block3,3,0,0,0.0,0,8,6,20,2295,2300,56.0,55.6,2000,/home/benny/Scrivania/OTel-capabilities-for-mixed-criticality-workloads/2-DoE/block3/t3_p0_s0_r0.0_e0_n8/run_06,0,NA
377,block3,3,1,0,0.0,0,8,6,20,2295,2299,55.5,54.4,1980,/home/benny/Scrivania/OTel-capabilities-for-mixed-criticality-workloads/2-DoE/block3/t3_p1_s0_r0.0_e0_n8/run_06,134,NA
378,block3,0,0,0,0.0,0,0,7,20,2295,2291,54.4,52.5,2001,/home/benny/Scrivania/OTel-capabilities-for-mixed-criticality-workloads/2-DoE/block3/t0_p0_s0_r0.0_e0_n0/run_07,0,NA
379,block3,3,0,0,0.0,0,0,7,20,2295,2288,52.5,51.8,2000,/home/benny/Scrivania/OTel-capabilities-for-mixed-criticality-workloads/2-DoE/block3/t3_p0_s0_r0.0_e0_n0/run_07,0,NA
380,block3,3,1,0,0.0,0,0,7,20,2295,2289,51.8,51.8,2001,/home/benny/Scrivania/OTel-capabilities-for-mixed-criticality-workloads/2-DoE/block3/t3_p1_s0_r0.0_e0_n0/run_07,0,NA
381,block3,0,0,0,0.0,0,1,7,20,2295,2290,51.8,52.6,2000,/home/benny/Scrivania/OTel-capabilities-for-mixed-criticality-workloads/2-DoE/block3/t0_p0_s0_r0.0_e0_n1/run_07,0,NA
382,block3,3,0,0,0.0,0,1,7,20,2295,2300,52.6,52.8,2000,/home/benny/Scrivania/OTel-capabilities-for-mixed-criticality-workloads/2-DoE/block3/t3_p0_s0_r0.0_e0_n1/run_07,0,NA
383,block3,3,1,0,0.0,0,1,7,20,2295,2298,52.8,53.0,2000,/home/benny/Scrivania/OTel-capabilities-for-mixed-criticality-workloads/2-DoE/block3/t3_p1_s0_r0.0_e0_n1/run_07,134,NA
384,block3,0,0,0,0.0,0,4,7,20,2295,2291,53.0,54.8,2000,/home/benny/Scrivania/OTel-capabilities-for-mixed-criticality-workloads/2-DoE/block3/t0_p0_s0_r0.0_e0_n4/run_07,0,NA
385,block3,3,0,0,0.0,0,4,7,20,2295,2300,54.6,55.4,2000,/home/benny/Scrivania/OTel-capabilities-for-mixed-criticality-workloads/2-DoE/block3/t3_p0_s0_r0.0_e0_n4/run_07,0,NA
386,block3,3,1,0,0.0,0,4,7,20,2295,2299,55.2,54.4,1980,/home/benny/Scrivania/OTel-capabilities-for-mixed-criticality-workloads/2-DoE/block3/t3_p1_s0_r0.0_e0_n4/run_07,134,NA
387,block3,0,0,0,0.0,0,8,7,20,2295,2296,54.4,55.4,2000,/home/benny/Scrivania/OTel-capabilities-for-mixed-criticality-workloads/2-DoE/block3/t0_p0_s0_r0.0_e0_n8/run_07,0,NA
388,block3,3,0,0,0.0,0,8,7,20,2295,2300,55.2,55.1,2000,/home/benny/Scrivania/OTel-capabilities-for-mixed-criticality-workloads/2-DoE/block3/t3_p0_s0_r0.0_e0_n8/run_07,0,NA
389,block3,3,1,0,0.0,0,8,7,20,2295,2299,55.0,54.1,1980,/home/benny/Scrivania/OTel-capabilities-for-mixed-criticality-workloads/2-DoE/block3/t3_p1_s0_r0.0_e0_n8/run_07,134,NA
390,block3,0,0,0,0.0,0,0,8,20,2295,2289,54.1,51.8,2000,/home/benny/Scrivania/OTel-capabilities-for-mixed-criticality-workloads/2-DoE/block3/t0_p0_s0_r0.0_e0_n0/run_08,0,NA
391,block3,3,0,0,0.0,0,0,8,20,2295,2290,51.8,51.5,2000,/home/benny/Scrivania/OTel-capabilities-for-mixed-criticality-workloads/2-DoE/block3/t3_p0_s0_r0.0_e0_n0/run_08,0,NA
392,block3,3,1,0,0.0,0,0,8,20,2295,2288,51.5,51.6,2002,/home/benny/Scrivania/OTel-capabilities-for-mixed-criticality-workloads/2-DoE/block3/t3_p1_s0_r0.0_e0_n0/run_08,0,NA
393,block3,0,0,0,0.0,0,1,8,20,2295,2288,51.6,52.0,2000,/home/benny/Scrivania/OTel-capabilities-for-mixed-criticality-workloads/2-DoE/block3/t0_p0_s0_r0.0_e0_n1/run_08,0,NA
394,block3,3,0,0,0.0,0,1,8,20,2295,2300,52.0,52.0,2000,/home/benny/Scrivania/OTel-capabilities-for-mixed-criticality-workloads/2-DoE/block3/t3_p0_s0_r0.0_e0_n1/run_08,0,NA
395,block3,3,1,0,0.0,0,1,8,20,2295,2298,52.0,52.8,2000,/home/benny/Scrivania/OTel-capabilities-for-mixed-criticality-workloads/2-DoE/block3/t3_p1_s0_r0.0_e0_n1/run_08,134,NA
396,block3,0,0,0,0.0,0,4,8,20,2295,2291,52.8,54.4,2000,/home/benny/Scrivania/OTel-capabilities-for-mixed-criticality-workloads/2-DoE/block3/t0_p0_s0_r0.0_e0_n4/run_08,0,NA
397,block3,3,0,0,0.0,0,4,8,20,2295,2300,54.2,54.4,2000,/home/benny/Scrivania/OTel-capabilities-for-mixed-criticality-workloads/2-DoE/block3/t3_p0_s0_r0.0_e0_n4/run_08,0,NA
398,block3,3,1,0,0.0,0,4,8,20,2295,2299,54.2,53.5,1980,/home/benny/Scrivania/OTel-capabilities-for-mixed-criticality-workloads/2-DoE/block3/t3_p1_s0_r0.0_e0_n4/run_08,134,NA
399,block3,0,0,0,0.0,0,8,8,20,2295,2291,53.4,54.4,2000,/home/benny/Scrivania/OTel-capabilities-for-mixed-criticality-workloads/2-DoE/block3/t0_p0_s0_r0.0_e0_n8/run_08,0,NA
400,block3,3,0,0,0.0,0,8,8,20,2295,2300,54.2,54.6,2000,/home/benny/Scrivania/OTel-capabilities-for-mixed-criticality-workloads/2-DoE/block3/t3_p0_s0_r0.0_e0_n8/run_08,0,NA
401,block3,3,1,0,0.0,0,8,8,20,2295,2299,54.5,53.6,1980,/home/benny/Scrivania/OTel-capabilities-for-mixed-criticality-workloads/2-DoE/block3/t3_p1_s0_r0.0_e0_n8/run_08,134,NA
402,block3,0,0,0,0.0,0,0,9,20,2295,2289,53.5,51.5,2000,/home/benny/Scrivania/OTel-capabilities-for-mixed-criticality-workloads/2-DoE/block3/t0_p0_s0_r0.0_e0_n0/run_09,0,NA
403,block3,3,0,0,0.0,0,0,9,20,2295,2289,51.5,51.0,2000,/home/benny/Scrivania/OTel-capabilities-for-mixed-criticality-workloads/2-DoE/block3/t3_p0_s0_r0.0_e0_n0/run_09,0,NA
404,block3,3,1,0,0.0,0,0,9,20,2295,2289,51.0,51.0,2001,/home/benny/Scrivania/OTel-capabilities-for-mixed-criticality-workloads/2-DoE/block3/t3_p1_s0_r0.0_e0_n0/run_09,0,NA
405,block3,0,0,0,0.0,0,1,9,20,2295,2287,51.0,51.2,2000,/home/benny/Scrivania/OTel-capabilities-for-mixed-criticality-workloads/2-DoE/block3/t0_p0_s0_r0.0_e0_n1/run_09,0,NA
406,block3,3,0,0,0.0,0,1,9,20,2295,2300,51.2,51.5,2000,/home/benny/Scrivania/OTel-capabilities-for-mixed-criticality-workloads/2-DoE/block3/t3_p0_s0_r0.0_e0_n1/run_09,0,NA
407,block3,3,1,0,0.0,0,1,9,20,2295,2297,51.5,51.8,2000,/home/benny/Scrivania/OTel-capabilities-for-mixed-criticality-workloads/2-DoE/block3/t3_p1_s0_r0.0_e0_n1/run_09,134,NA
408,block3,0,0,0,0.0,0,4,9,20,2295,2289,51.8,53.6,2000,/home/benny/Scrivania/OTel-capabilities-for-mixed-criticality-workloads/2-DoE/block3/t0_p0_s0_r0.0_e0_n4/run_09,0,NA
409,block3,3,0,0,0.0,0,4,9,20,2295,2300,53.5,53.9,2000,/home/benny/Scrivania/OTel-capabilities-for-mixed-criticality-workloads/2-DoE/block3/t3_p0_s0_r0.0_e0_n4/run_09,0,NA
410,block3,3,1,0,0.0,0,4,9,20,2295,2299,53.8,53.1,1980,/home/benny/Scrivania/OTel-capabilities-for-mixed-criticality-workloads/2-DoE/block3/t3_p1_s0_r0.0_e0_n4/run_09,134,NA
411,block3,0,0,0,0.0,0,8,9,20,2295,2291,53.1,54.0,2000,/home/benny/Scrivania/OTel-capabilities-for-mixed-criticality-workloads/2-DoE/block3/t0_p0_s0_r0.0_e0_n8/run_09,0,NA
412,block3,3,0,0,0.0,0,8,9,20,2295,2300,53.9,54.1,2001,/home/benny/Scrivania/OTel-capabilities-for-mixed-criticality-workloads/2-DoE/block3/t3_p0_s0_r0.0_e0_n8/run_09,0,NA
413,block3,3,1,0,0.0,0,8,9,20,2295,2299,54.0,53.5,1980,/home/benny/Scrivania/OTel-capabilities-for-mixed-criticality-workloads/2-DoE/block3/t3_p1_s0_r0.0_e0_n8/run_09,134,NA
414,block3,0,0,0,0.0,0,0,10,20,2295,2290,53.4,51.2,2001,/home/benny/Scrivania/OTel-capabilities-for-mixed-criticality-workloads/2-DoE/block3/t0_p0_s0_r0.0_e0_n0/run_10,0,NA
415,block3,3,0,0,0.0,0,0,10,20,2295,2287,51.2,50.6,2000,/home/benny/Scrivania/OTel-capabilities-for-mixed-criticality-workloads/2-DoE/block3/t3_p0_s0_r0.0_e0_n0/run_10,0,NA
416,block3,3,1,0,0.0,0,0,10,20,2295,2286,50.6,50.8,2002,/home/benny/Scrivania/OTel-capabilities-for-mixed-criticality-workloads/2-DoE/block3/t3_p1_s0_r0.0_e0_n0/run_10,0,NA
417,block3,0,0,0,0.0,0,1,10,20,2295,2287,50.8,51.0,2000,/home/benny/Scrivania/OTel-capabilities-for-mixed-criticality-workloads/2-DoE/block3/t0_p0_s0_r0.0_e0_n1/run_10,0,NA
418,block3,3,0,0,0.0,0,1,10,20,2295,2299,51.0,51.2,2000,/home/benny/Scrivania/OTel-capabilities-for-mixed-criticality-workloads/2-DoE/block3/t3_p0_s0_r0.0_e0_n1/run_10,0,NA
419,block3,3,1,0,0.0,0,1,10,20,2295,2298,51.2,51.5,1980,/home/benny/Scrivania/OTel-capabilities-for-mixed-criticality-workloads/2-DoE/block3/t3_p1_s0_r0.0_e0_n1/run_10,134,NA
420,block3,0,0,0,0.0,0,4,10,20,2295,2290,51.5,53.4,2000,/home/benny/Scrivania/OTel-capabilities-for-mixed-criticality-workloads/2-DoE/block3/t0_p0_s0_r0.0_e0_n4/run_10,0,NA
421,block3,3,0,0,0.0,0,4,10,20,2295,2300,53.2,53.6,2000,/home/benny/Scrivania/OTel-capabilities-for-mixed-criticality-workloads/2-DoE/block3/t3_p0_s0_r0.0_e0_n4/run_10,0,NA
422,block3,3,1,0,0.0,0,4,10,20,2295,2299,53.5,52.9,1980,/home/benny/Scrivania/OTel-capabilities-for-mixed-criticality-workloads/2-DoE/block3/t3_p1_s0_r0.0_e0_n4/run_10,134,NA
423,block3,0,0,0,0.0,0,8,10,20,2295,2291,52.9,53.6,2000,/home/benny/Scrivania/OTel-capabilities-for-mixed-criticality-workloads/2-DoE/block3/t0_p0_s0_r0.0_e0_n8/run_10,0,NA
424,block3,3,0,0,0.0,0,8,10,20,2295,2300,53.5,53.9,2000,/home/benny/Scrivania/OTel-capabilities-for-mixed-criticality-workloads/2-DoE/block3/t3_p0_s0_r0.0_e0_n8/run_10,0,NA
425,block3,3,1,0,0.0,0,8,10,20,2295,2299,53.8,52.9,1980,/home/benny/Scrivania/OTel-capabilities-for-mixed-criticality-workloads/2-DoE/block3/t3_p1_s0_r0.0_e0_n8/run_10,134,NA
426,block3,0,0,0,0.0,0,0,11,20,2295,2289,52.9,50.9,2000,/home/benny/Scrivania/OTel-capabilities-for-mixed-criticality-workloads/2-DoE/block3/t0_p0_s0_r0.0_e0_n0/run_11,0,NA
427,block3,3,0,0,0.0,0,0,11,20,2295,2290,50.9,50.6,2000,/home/benny/Scrivania/OTel-capabilities-for-mixed-criticality-workloads/2-DoE/block3/t3_p0_s0_r0.0_e0_n0/run_11,0,NA
428,block3,3,1,0,0.0,0,0,11,20,2295,2288,50.6,50.5,2000,/home/benny/Scrivania/OTel-capabilities-for-mixed-criticality-workloads/2-DoE/block3/t3_p1_s0_r0.0_e0_n0/run_11,0,NA
429,block3,0,0,0,0.0,0,1,11,20,2295,2288,50.5,50.8,2000,/home/benny/Scrivania/OTel-capabilities-for-mixed-criticality-workloads/2-DoE/block3/t0_p0_s0_r0.0_e0_n1/run_11,0,NA
430,block3,3,0,0,0.0,0,1,11,20,2295,2299,50.8,51.0,2000,/home/benny/Scrivania/OTel-capabilities-for-mixed-criticality-workloads/2-DoE/block3/t3_p0_s0_r0.0_e0_n1/run_11,0,NA
431,block3,3,1,0,0.0,0,1,11,20,2295,2297,51.0,51.1,2000,/home/benny/Scrivania/OTel-capabilities-for-mixed-criticality-workloads/2-DoE/block3/t3_p1_s0_r0.0_e0_n1/run_11,134,NA
432,block3,0,0,0,0.0,0,4,11,20,2295,2289,51.1,52.9,2000,/home/benny/Scrivania/OTel-capabilities-for-mixed-criticality-workloads/2-DoE/block3/t0_p0_s0_r0.0_e0_n4/run_11,0,NA
433,block3,3,0,0,0.0,0,4,11,20,2295,2300,52.8,53.2,2000,/home/benny/Scrivania/OTel-capabilities-for-mixed-criticality-workloads/2-DoE/block3/t3_p0_s0_r0.0_e0_n4/run_11,0,NA
434,block3,3,1,0,0.0,0,4,11,20,2295,2299,53.1,52.5,1980,/home/benny/Scrivania/OTel-capabilities-for-mixed-criticality-workloads/2-DoE/block3/t3_p1_s0_r0.0_e0_n4/run_11,134,NA
435,block3,0,0,0,0.0,0,8,11,20,2295,2291,52.5,53.4,2000,/home/benny/Scrivania/OTel-capabilities-for-mixed-criticality-workloads/2-DoE/block3/t0_p0_s0_r0.0_e0_n8/run_11,0,NA
436,block3,3,0,0,0.0,0,8,11,20,2295,2300,53.2,53.5,2000,/home/benny/Scrivania/OTel-capabilities-for-mixed-criticality-workloads/2-DoE/block3/t3_p0_s0_r0.0_e0_n8/run_11,0,NA
437,block3,3,1,0,0.0,0,8,11,20,2295,2299,53.4,52.5,1980,/home/benny/Scrivania/OTel-capabilities-for-mixed-criticality-workloads/2-DoE/block3/t3_p1_s0_r0.0_e0_n8/run_11,134,NA
438,block3,0,0,0,0.0,0,0,12,20,2295,2289,52.5,50.8,2001,/home/benny/Scrivania/OTel-capabilities-for-mixed-criticality-workloads/2-DoE/block3/t0_p0_s0_r0.0_e0_n0/run_12,0,NA
439,block3,3,0,0,0.0,0,0,12,20,2295,2288,50.8,50.5,2000,/home/benny/Scrivania/OTel-capabilities-for-mixed-criticality-workloads/2-DoE/block3/t3_p0_s0_r0.0_e0_n0/run_12,0,NA
440,block3,3,1,0,0.0,0,0,12,20,2295,2289,50.5,50.5,2001,/home/benny/Scrivania/OTel-capabilities-for-mixed-criticality-workloads/2-DoE/block3/t3_p1_s0_r0.0_e0_n0/run_12,0,NA
441,block3,0,0,0,0.0,0,1,12,20,2295,2286,50.5,51.0,2000,/home/benny/Scrivania/OTel-capabilities-for-mixed-criticality-workloads/2-DoE/block3/t0_p0_s0_r0.0_e0_n1/run_12,0,NA
442,block3,3,0,0,0.0,0,1,12,20,2295,2300,51.0,51.0,2000,/home/benny/Scrivania/OTel-capabilities-for-mixed-criticality-workloads/2-DoE/block3/t3_p0_s0_r0.0_e0_n1/run_12,0,NA
443,block3,3,1,0,0.0,0,1,12,20,2295,2298,51.0,51.2,2000,/home/benny/Scrivania/OTel-capabilities-for-mixed-criticality-workloads/2-DoE/block3/t3_p1_s0_r0.0_e0_n1/run_12,0,NA
444,block3,0,0,0,0.0,0,4,12,20,2295,2290,51.2,53.1,2000,/home/benny/Scrivania/OTel-capabilities-for-mixed-criticality-workloads/2-DoE/block3/t0_p0_s0_r0.0_e0_n4/run_12,0,NA
445,block3,3,0,0,0.0,0,4,12,20,2295,2300,53.0,53.4,2000,/home/benny/Scrivania/OTel-capabilities-for-mixed-criticality-workloads/2-DoE/block3/t3_p0_s0_r0.0_e0_n4/run_12,0,NA
446,block3,3,1,0,0.0,0,4,12,20,2295,2299,53.2,52.4,1980,/home/benny/Scrivania/OTel-capabilities-for-mixed-criticality-workloads/2-DoE/block3/t3_p1_s0_r0.0_e0_n4/run_12,134,NA
447,block3,0,0,0,0.0,0,8,12,20,2295,2291,52.4,53.4,2000,/home/benny/Scrivania/OTel-capabilities-for-mixed-criticality-workloads/2-DoE/block3/t0_p0_s0_r0.0_e0_n8/run_12,0,NA
448,block3,3,0,0,0.0,0,8,12,20,2295,2300,53.2,53.6,2000,/home/benny/Scrivania/OTel-capabilities-for-mixed-criticality-workloads/2-DoE/block3/t3_p0_s0_r0.0_e0_n8/run_12,0,NA
449,block3,3,1,0,0.0,0,8,12,20,2295,2299,53.5,52.8,1980,/home/benny/Scrivania/OTel-capabilities-for-mixed-criticality-workloads/2-DoE/block3/t3_p1_s0_r0.0_e0_n8/run_12,134,NA
450,block3,0,0,0,0.0,0,0,13,20,2295,2290,52.8,50.8,2001,/home/benny/Scrivania/OTel-capabilities-for-mixed-criticality-workloads/2-DoE/block3/t0_p0_s0_r0.0_e0_n0/run_13,0,NA
451,block3,3,0,0,0.0,0,0,13,20,2295,2288,50.8,50.4,2000,/home/benny/Scrivania/OTel-capabilities-for-mixed-criticality-workloads/2-DoE/block3/t3_p0_s0_r0.0_e0_n0/run_13,0,NA
452,block3,3,1,0,0.0,0,0,13,20,2295,2287,50.4,50.4,2001,/home/benny/Scrivania/OTel-capabilities-for-mixed-criticality-workloads/2-DoE/block3/t3_p1_s0_r0.0_e0_n0/run_13,0,NA
453,block3,0,0,0,0.0,0,1,13,20,2295,2287,50.4,50.6,2000,/home/benny/Scrivania/OTel-capabilities-for-mixed-criticality-workloads/2-DoE/block3/t0_p0_s0_r0.0_e0_n1/run_13,0,NA
454,block3,3,0,0,0.0,0,1,13,20,2295,2300,50.6,51.0,2000,/home/benny/Scrivania/OTel-capabilities-for-mixed-criticality-workloads/2-DoE/block3/t3_p0_s0_r0.0_e0_n1/run_13,0,NA
455,block3,3,1,0,0.0,0,1,13,20,2295,2298,51.0,51.1,1980,/home/benny/Scrivania/OTel-capabilities-for-mixed-criticality-workloads/2-DoE/block3/t3_p1_s0_r0.0_e0_n1/run_13,134,NA
456,block3,0,0,0,0.0,0,4,13,20,2295,2290,51.1,52.9,2000,/home/benny/Scrivania/OTel-capabilities-for-mixed-criticality-workloads/2-DoE/block3/t0_p0_s0_r0.0_e0_n4/run_13,0,NA
457,block3,3,0,0,0.0,0,4,13,20,2295,2300,52.8,53.4,2000,/home/benny/Scrivania/OTel-capabilities-for-mixed-criticality-workloads/2-DoE/block3/t3_p0_s0_r0.0_e0_n4/run_13,0,NA
458,block3,3,1,0,0.0,0,4,13,20,2295,2299,53.2,52.5,1980,/home/benny/Scrivania/OTel-capabilities-for-mixed-criticality-workloads/2-DoE/block3/t3_p1_s0_r0.0_e0_n4/run_13,134,NA
459,block3,0,0,0,0.0,0,8,13,20,2295,2291,52.5,53.4,2000,/home/benny/Scrivania/OTel-capabilities-for-mixed-criticality-workloads/2-DoE/block3/t0_p0_s0_r0.0_e0_n8/run_13,0,NA
460,block3,3,0,0,0.0,0,8,13,20,2295,2300,53.2,53.6,2000,/home/benny/Scrivania/OTel-capabilities-for-mixed-criticality-workloads/2-DoE/block3/t3_p0_s0_r0.0_e0_n8/run_13,0,NA
461,block3,3,1,0,0.0,0,8,13,20,2295,2299,53.5,52.6,2000,/home/benny/Scrivania/OTel-capabilities-for-mixed-criticality-workloads/2-DoE/block3/t3_p1_s0_r0.0_e0_n8/run_13,134,NA
462,block3,0,0,0,0.0,0,0,14,20,2295,2289,52.6,50.8,2000,/home/benny/Scrivania/OTel-capabilities-for-mixed-criticality-workloads/2-DoE/block3/t0_p0_s0_r0.0_e0_n0/run_14,0,NA
463,block3,3,0,0,0.0,0,0,14,20,2295,2289,50.8,50.2,2000,/home/benny/Scrivania/OTel-capabilities-for-mixed-criticality-workloads/2-DoE/block3/t3_p0_s0_r0.0_e0_n0/run_14,0,NA
464,block3,3,1,0,0.0,0,0,14,20,2295,2289,50.2,50.2,2002,/home/benny/Scrivania/OTel-capabilities-for-mixed-criticality-workloads/2-DoE/block3/t3_p1_s0_r0.0_e0_n0/run_14,0,NA
465,block3,0,0,0,0.0,0,1,14,20,2295,2287,50.2,50.5,2000,/home/benny/Scrivania/OTel-capabilities-for-mixed-criticality-workloads/2-DoE/block3/t0_p0_s0_r0.0_e0_n1/run_14,0,NA
466,block3,3,0,0,0.0,0,1,14,20,2295,2300,50.5,50.8,2000,/home/benny/Scrivania/OTel-capabilities-for-mixed-criticality-workloads/2-DoE/block3/t3_p0_s0_r0.0_e0_n1/run_14,0,NA
467,block3,3,1,0,0.0,0,1,14,20,2295,2297,50.8,51.0,2000,/home/benny/Scrivania/OTel-capabilities-for-mixed-criticality-workloads/2-DoE/block3/t3_p1_s0_r0.0_e0_n1/run_14,0,NA
468,block3,0,0,0,0.0,0,4,14,20,2295,2289,51.0,52.6,2000,/home/benny/Scrivania/OTel-capabilities-for-mixed-criticality-workloads/2-DoE/block3/t0_p0_s0_r0.0_e0_n4/run_14,0,NA
469,block3,3,0,0,0.0,0,4,14,20,2295,2300,52.5,53.1,2000,/home/benny/Scrivania/OTel-capabilities-for-mixed-criticality-workloads/2-DoE/block3/t3_p0_s0_r0.0_e0_n4/run_14,0,NA
470,block3,3,1,0,0.0,0,4,14,20,2295,2299,53.0,52.2,1980,/home/benny/Scrivania/OTel-capabilities-for-mixed-criticality-workloads/2-DoE/block3/t3_p1_s0_r0.0_e0_n4/run_14,134,NA
471,block3,0,0,0,0.0,0,8,14,20,2295,2291,52.2,53.1,2000,/home/benny/Scrivania/OTel-capabilities-for-mixed-criticality-workloads/2-DoE/block3/t0_p0_s0_r0.0_e0_n8/run_14,0,NA
472,block3,3,0,0,0.0,0,8,14,20,2295,2300,53.0,53.0,2000,/home/benny/Scrivania/OTel-capabilities-for-mixed-criticality-workloads/2-DoE/block3/t3_p0_s0_r0.0_e0_n8/run_14,0,NA
473,block3,3,1,0,0.0,0,8,14,20,2295,2299,52.9,52.2,1980,/home/benny/Scrivania/OTel-capabilities-for-mixed-criticality-workloads/2-DoE/block3/t3_p1_s0_r0.0_e0_n8/run_14,134,NA
474,block3,0,0,0,0.0,0,0,15,20,2295,2290,52.2,50.2,2000,/home/benny/Scrivania/OTel-capabilities-for-mixed-criticality-workloads/2-DoE/block3/t0_p0_s0_r0.0_e0_n0/run_15,0,NA
475,block3,3,0,0,0.0,0,0,15,20,2295,2287,50.2,49.8,2000,/home/benny/Scrivania/OTel-capabilities-for-mixed-criticality-workloads/2-DoE/block3/t3_p0_s0_r0.0_e0_n0/run_15,0,NA
476,block3,3,1,0,0.0,0,0,15,20,2295,2287,49.8,49.8,2000,/home/benny/Scrivania/OTel-capabilities-for-mixed-criticality-workloads/2-DoE/block3/t3_p1_s0_r0.0_e0_n0/run_15,0,NA
477,block3,0,0,0,0.0,0,1,15,20,2295,2288,49.8,50.0,2000,/home/benny/Scrivania/OTel-capabilities-for-mixed-criticality-workloads/2-DoE/block3/t0_p0_s0_r0.0_e0_n1/run_15,0,NA
478,block3,3,0,0,0.0,0,1,15,20,2295,2300,50.0,50.5,2000,/home/benny/Scrivania/OTel-capabilities-for-mixed-criticality-workloads/2-DoE/block3/t3_p0_s0_r0.0_e0_n1/run_15,0,NA
479,block3,3,1,0,0.0,0,1,15,20,2295,2298,50.5,50.5,1980,/home/benny/Scrivania/OTel-capabilities-for-mixed-criticality-workloads/2-DoE/block3/t3_p1_s0_r0.0_e0_n1/run_15,134,NA
480,block3,0,0,0,0.0,0,4,15,20,2295,2290,50.5,52.2,2000,/home/benny/Scrivania/OTel-capabilities-for-mixed-criticality-workloads/2-DoE/block3/t0_p0_s0_r0.0_e0_n4/run_15,0,NA
481,block3,3,0,0,0.0,0,4,15,20,2295,2300,52.1,52.6,2000,/home/benny/Scrivania/OTel-capabilities-for-mixed-criticality-workloads/2-DoE/block3/t3_p0_s0_r0.0_e0_n4/run_15,0,NA
482,block3,3,1,0,0.0,0,4,15,20,2295,2299,52.5,52.1,1980,/home/benny/Scrivania/OTel-capabilities-for-mixed-criticality-workloads/2-DoE/block3/t3_p1_s0_r0.0_e0_n4/run_15,134,NA
483,block3,0,0,0,0.0,0,8,15,20,2295,2292,52.1,52.8,2000,/home/benny/Scrivania/OTel-capabilities-for-mixed-criticality-workloads/2-DoE/block3/t0_p0_s0_r0.0_e0_n8/run_15,0,NA
484,block3,3,0,0,0.0,0,8,15,20,2295,2300,52.6,52.6,2000,/home/benny/Scrivania/OTel-capabilities-for-mixed-criticality-workloads/2-DoE/block3/t3_p0_s0_r0.0_e0_n8/run_15,0,NA
485,block3,3,1,0,0.0,0,8,15,20,2295,2299,52.5,52.0,1980,/home/benny/Scrivania/OTel-capabilities-for-mixed-criticality-workloads/2-DoE/block3/t3_p1_s0_r0.0_e0_n8/run_15,134,NA
487,block4,3,0,0,0.0,2,4,1,20,2295,2300,56.6,58.5,2000,/home/benny/Scrivania/OTel-capabilities-for-mixed-criticality-workloads/2-DoE/block4/t3_p0_s0_r0.0_e2_n4/run_01,0,39374
488,block4,3,1,0,0.0,2,4,1,20,2295,2300,58.5,59.0,1980,/home/benny/Scrivania/OTel-capabilities-for-mixed-criticality-workloads/2-DoE/block4/t3_p1_s0_r0.0_e2_n4/run_01,134,39865
489,block4,3,0,0,0.0,0,4,1,20,2295,2299,59.1,62.0,2000,/home/benny/Scrivania/OTel-capabilities-for-mixed-criticality-workloads/2-DoE/block4/t3_p0_s0_r0.0_e0_n4/run_01,0,32280
490,block4,3,1,0,0.0,0,4,1,20,2295,2299,59.5,59.8,2000,/home/benny/Scrivania/OTel-capabilities-for-mixed-criticality-workloads/2-DoE/block4/t3_p1_s0_r0.0_e0_n4/run_01,134,14010
491,block4,3,0,0,0.0,2,4,2,20,2295,2300,58.2,59.0,2000,/home/benny/Scrivania/OTel-capabilities-for-mixed-criticality-workloads/2-DoE/block4/t3_p0_s0_r0.0_e2_n4/run_02,0,39462
492,block4,3,1,0,0.0,2,4,2,20,2295,2300,58.8,58.6,2000,/home/benny/Scrivania/OTel-capabilities-for-mixed-criticality-workloads/2-DoE/block4/t3_p1_s0_r0.0_e2_n4/run_02,0,39978
493,block4,3,0,0,0.0,0,4,2,20,2295,2299,58.2,58.6,2000,/home/benny/Scrivania/OTel-capabilities-for-mixed-criticality-workloads/2-DoE/block4/t3_p0_s0_r0.0_e0_n4/run_02,0,38920
494,block4,3,1,0,0.0,0,4,2,20,2295,2299,57.0,59.0,1980,/home/benny/Scrivania/OTel-capabilities-for-mixed-criticality-workloads/2-DoE/block4/t3_p1_s0_r0.0_e0_n4/run_02,134,16049
495,block4,3,0,0,0.0,2,4,3,20,2295,2300,58.4,58.5,2000,/home/benny/Scrivania/OTel-capabilities-for-mixed-criticality-workloads/2-DoE/block4/t3_p0_s0_r0.0_e2_n4/run_03,0,38539
496,block4,3,1,0,0.0,2,4,3,20,2295,2300,58.2,58.8,2000,/home/benny/Scrivania/OTel-capabilities-for-mixed-criticality-workloads/2-DoE/block4/t3_p1_s0_r0.0_e2_n4/run_03,0,39957
497,block4,3,0,0,0.0,0,4,3,20,2295,2299,58.2,58.8,2000,/home/benny/Scrivania/OTel-capabilities-for-mixed-criticality-workloads/2-DoE/block4/t3_p0_s0_r0.0_e0_n4/run_03,0,38954
498,block4,3,1,0,0.0,0,4,3,20,2295,2299,56.8,58.2,1980,/home/benny/Scrivania/OTel-capabilities-for-mixed-criticality-workloads/2-DoE/block4/t3_p1_s0_r0.0_e0_n4/run_03,134,16109
499,block4,3,0,0,0.0,2,4,4,20,2295,2300,57.0,58.6,2000,/home/benny/Scrivania/OTel-capabilities-for-mixed-criticality-workloads/2-DoE/block4/t3_p0_s0_r0.0_e2_n4/run_04,0,39340
500,block4,3,1,0,0.0,2,4,4,20,2295,2300,58.2,58.5,1980,/home/benny/Scrivania/OTel-capabilities-for-mixed-criticality-workloads/2-DoE/block4/t3_p1_s0_r0.0_e2_n4/run_04,134,39875
501,block4,3,0,0,0.0,0,4,4,20,2295,2300,58.4,58.5,2000,/home/benny/Scrivania/OTel-capabilities-for-mixed-criticality-workloads/2-DoE/block4/t3_p0_s0_r0.0_e0_n4/run_04,0,33209
502,block4,3,1,0,0.0,0,4,4,20,2295,2299,57.2,58.5,1980,/home/benny/Scrivania/OTel-capabilities-for-mixed-criticality-workloads/2-DoE/block4/t3_p1_s0_r0.0_e0_n4/run_04,134,16229
503,block4,3,0,0,0.0,2,4,5,20,2295,2300,57.1,58.5,2000,/home/benny/Scrivania/OTel-capabilities-for-mixed-criticality-workloads/2-DoE/block4/t3_p0_s0_r0.0_e2_n4/run_05,0,39436
504,block4,3,1,0,0.0,2,4,5,20,2295,2300,58.5,59.2,2000,/home/benny/Scrivania/OTel-capabilities-for-mixed-criticality-workloads/2-DoE/block4/t3_p1_s0_r0.0_e2_n4/run_05,0,39818
505,block4,3,0,0,0.0,0,4,5,20,2295,2300,59.1,58.8,2000,/home/benny/Scrivania/OTel-capabilities-for-mixed-criticality-workloads/2-DoE/block4/t3_p0_s0_r0.0_e0_n4/run_05,0,33757
506,block4,3,1,0,0.0,0,4,5,20,2295,2299,57.2,58.9,1980,/home/benny/Scrivania/OTel-capabilities-for-mixed-criticality-workloads/2-DoE/block4/t3_p1_s0_r0.0_e0_n4/run_05,134,16134
507,block4,3,0,0,0.0,2,4,6,20,2295,2300,57.6,58.8,2000,/home/benny/Scrivania/OTel-capabilities-for-mixed-criticality-workloads/2-DoE/block4/t3_p0_s0_r0.0_e2_n4/run_06,0,38549
508,block4,3,1,0,0.0,2,4,6,20,2295,2300,58.6,58.9,2000,/home/benny/Scrivania/OTel-capabilities-for-mixed-criticality-workloads/2-DoE/block4/t3_p1_s0_r0.0_e2_n4/run_06,0,39899
509,block4,3,0,0,0.0,0,4,6,20,2295,2300,58.8,58.6,2000,/home/benny/Scrivania/OTel-capabilities-for-mixed-criticality-workloads/2-DoE/block4/t3_p0_s0_r0.0_e0_n4/run_06,0,33737
510,block4,3,1,0,0.0,0,4,6,20,2295,2299,57.1,58.8,1980,/home/benny/Scrivania/OTel-capabilities-for-mixed-criticality-workloads/2-DoE/block4/t3_p1_s0_r0.0_e0_n4/run_06,134,16422
511,block4,3,0,0,0.0,2,4,7,20,2295,2300,57.0,58.6,2000,/home/benny/Scrivania/OTel-capabilities-for-mixed-criticality-workloads/2-DoE/block4/t3_p0_s0_r0.0_e2_n4/run_07,0,38511
512,block4,3,1,0,0.0,2,4,7,20,2295,2300,58.5,59.0,2000,/home/benny/Scrivania/OTel-capabilities-for-mixed-criticality-workloads/2-DoE/block4/t3_p1_s0_r0.0_e2_n4/run_07,0,39954
513,block4,3,0,0,0.0,0,4,7,20,2295,2300,59.0,58.6,2000,/home/benny/Scrivania/OTel-capabilities-for-mixed-criticality-workloads/2-DoE/block4/t3_p0_s0_r0.0_e0_n4/run_07,0,33439
514,block4,3,1,0,0.0,0,4,7,20,2295,2299,57.1,58.8,2000,/home/benny/Scrivania/OTel-capabilities-for-mixed-criticality-workloads/2-DoE/block4/t3_p1_s0_r0.0_e0_n4/run_07,134,16222
515,block4,3,0,0,0.0,2,4,8,20,2295,2300,57.4,58.9,2000,/home/benny/Scrivania/OTel-capabilities-for-mixed-criticality-workloads/2-DoE/block4/t3_p0_s0_r0.0_e2_n4/run_08,0,39445
516,block4,3,1,0,0.0,2,4,8,20,2295,2300,58.8,59.2,2000,/home/benny/Scrivania/OTel-capabilities-for-mixed-criticality-workloads/2-DoE/block4/t3_p1_s0_r0.0_e2_n4/run_08,0,39891
517,block4,3,0,0,0.0,0,4,8,20,2295,2300,59.0,58.8,2000,/home/benny/Scrivania/OTel-capabilities-for-mixed-criticality-workloads/2-DoE/block4/t3_p0_s0_r0.0_e0_n4/run_08,0,33033
518,block4,3,1,0,0.0,0,4,8,20,2295,2299,57.5,59.0,1980,/home/benny/Scrivania/OTel-capabilities-for-mixed-criticality-workloads/2-DoE/block4/t3_p1_s0_r0.0_e0_n4/run_08,134,16166
519,block4,3,0,0,0.0,2,4,9,20,2295,2300,57.6,59.0,2000,/home/benny/Scrivania/OTel-capabilities-for-mixed-criticality-workloads/2-DoE/block4/t3_p0_s0_r0.0_e2_n4/run_09,0,38091
520,block4,3,1,0,0.0,2,4,9,20,2295,2300,58.6,59.0,1980,/home/benny/Scrivania/OTel-capabilities-for-mixed-criticality-workloads/2-DoE/block4/t3_p1_s0_r0.0_e2_n4/run_09,134,39826
521,block4,3,0,0,0.0,0,4,9,20,2295,2300,58.8,59.0,2000,/home/benny/Scrivania/OTel-capabilities-for-mixed-criticality-workloads/2-DoE/block4/t3_p0_s0_r0.0_e0_n4/run_09,0,33069
522,block4,3,1,0,0.0,0,4,9,20,2295,2299,57.5,59.0,1980,/home/benny/Scrivania/OTel-capabilities-for-mixed-criticality-workloads/2-DoE/block4/t3_p1_s0_r0.0_e0_n4/run_09,134,16232
523,block4,3,0,0,0.0,2,4,10,20,2295,2300,57.8,59.0,2000,/home/benny/Scrivania/OTel-capabilities-for-mixed-criticality-workloads/2-DoE/block4/t3_p0_s0_r0.0_e2_n4/run_10,0,38458
524,block4,3,1,0,0.0,2,4,10,20,2295,2300,58.8,59.1,2000,/home/benny/Scrivania/OTel-capabilities-for-mixed-criticality-workloads/2-DoE/block4/t3_p1_s0_r0.0_e2_n4/run_10,0,39889
525,block4,3,0,0,0.0,0,4,10,20,2295,2300,59.1,59.1,2000,/home/benny/Scrivania/OTel-capabilities-for-mixed-criticality-workloads/2-DoE/block4/t3_p0_s0_r0.0_e0_n4/run_10,0,33592
526,block4,3,1,0,0.0,0,4,10,20,2295,2299,57.8,59.0,1980,/home/benny/Scrivania/OTel-capabilities-for-mixed-criticality-workloads/2-DoE/block4/t3_p1_s0_r0.0_e0_n4/run_10,134,16186
527,block4,3,0,0,0.0,2,4,11,20,2295,2300,57.5,59.0,2000,/home/benny/Scrivania/OTel-capabilities-for-mixed-criticality-workloads/2-DoE/block4/t3_p0_s0_r0.0_e2_n4/run_11,0,39448
528,block4,3,1,0,0.0,2,4,11,20,2295,2300,58.9,58.9,1980,/home/benny/Scrivania/OTel-capabilities-for-mixed-criticality-workloads/2-DoE/block4/t3_p1_s0_r0.0_e2_n4/run_11,134,39878
529,block4,3,0,0,0.0,0,4,11,20,2295,2300,58.9,59.1,2000,/home/benny/Scrivania/OTel-capabilities-for-mixed-criticality-workloads/2-DoE/block4/t3_p0_s0_r0.0_e0_n4/run_11,0,32773
530,block4,3,1,0,0.0,0,4,11,20,2295,2299,57.6,58.9,1980,/home/benny/Scrivania/OTel-capabilities-for-mixed-criticality-workloads/2-DoE/block4/t3_p1_s0_r0.0_e0_n4/run_11,134,16190
531,block4,3,0,0,0.0,2,4,12,20,2295,2300,57.9,59.0,2000,/home/benny/Scrivania/OTel-capabilities-for-mixed-criticality-workloads/2-DoE/block4/t3_p0_s0_r0.0_e2_n4/run_12,0,38485
532,block4,3,1,0,0.0,2,4,12,20,2295,2300,58.8,59.2,2000,/home/benny/Scrivania/OTel-capabilities-for-mixed-criticality-workloads/2-DoE/block4/t3_p1_s0_r0.0_e2_n4/run_12,0,39984
533,block4,3,0,0,0.0,0,4,12,20,2295,2299,58.9,59.1,2000,/home/benny/Scrivania/OTel-capabilities-for-mixed-criticality-workloads/2-DoE/block4/t3_p0_s0_r0.0_e0_n4/run_12,0,38927
534,block4,3,1,0,0.0,0,4,12,20,2295,2299,57.2,58.9,1980,/home/benny/Scrivania/OTel-capabilities-for-mixed-criticality-workloads/2-DoE/block4/t3_p1_s0_r0.0_e0_n4/run_12,134,16170
535,block4,3,0,0,0.0,2,4,13,20,2295,2300,57.8,60.2,2000,/home/benny/Scrivania/OTel-capabilities-for-mixed-criticality-workloads/2-DoE/block4/t3_p0_s0_r0.0_e2_n4/run_13,0,38476
536,block4,3,1,0,0.0,2,4,13,20,2295,2300,60.2,59.8,2000,/home/benny/Scrivania/OTel-capabilities-for-mixed-criticality-workloads/2-DoE/block4/t3_p1_s0_r0.0_e2_n4/run_13,0,39852
537,block4,3,0,0,0.0,0,4,13,20,2295,2300,59.6,59.5,2000,/home/benny/Scrivania/OTel-capabilities-for-mixed-criticality-workloads/2-DoE/block4/t3_p0_s0_r0.0_e0_n4/run_13,0,33161
538,block4,3,1,0,0.0,0,4,13,20,2295,2299,58.8,59.5,1980,/home/benny/Scrivania/OTel-capabilities-for-mixed-criticality-workloads/2-DoE/block4/t3_p1_s0_r0.0_e0_n4/run_13,134,16080
539,block4,3,0,0,0.0,2,4,14,20,2295,2300,58.1,59.5,2000,/home/benny/Scrivania/OTel-capabilities-for-mixed-criticality-workloads/2-DoE/block4/t3_p0_s0_r0.0_e2_n4/run_14,0,39428
540,block4,3,1,0,0.0,2,4,14,20,2295,2300,59.9,59.4,2000,/home/benny/Scrivania/OTel-capabilities-for-mixed-criticality-workloads/2-DoE/block4/t3_p1_s0_r0.0_e2_n4/run_14,0,39912
541,block4,3,0,0,0.0,0,4,14,20,2295,2300,59.2,59.2,2000,/home/benny/Scrivania/OTel-capabilities-for-mixed-criticality-workloads/2-DoE/block4/t3_p0_s0_r0.0_e0_n4/run_14,0,32965
542,block4,3,1,0,0.0,0,4,14,20,2295,2299,58.0,59.0,1980,/home/benny/Scrivania/OTel-capabilities-for-mixed-criticality-workloads/2-DoE/block4/t3_p1_s0_r0.0_e0_n4/run_14,134,16246
543,block4,3,0,0,0.0,2,4,15,20,2295,2300,57.8,59.1,2000,/home/benny/Scrivania/OTel-capabilities-for-mixed-criticality-workloads/2-DoE/block4/t3_p0_s0_r0.0_e2_n4/run_15,0,38499
544,block4,3,1,0,0.0,2,4,15,20,2295,2300,58.9,59.2,2000,/home/benny/Scrivania/OTel-capabilities-for-mixed-criticality-workloads/2-DoE/block4/t3_p1_s0_r0.0_e2_n4/run_15,0,39841
545,block4,3,0,0,0.0,0,4,15,20,2295,2300,59.4,59.1,2000,/home/benny/Scrivania/OTel-capabilities-for-mixed-criticality-workloads/2-DoE/block4/t3_p0_s0_r0.0_e0_n4/run_15,0,33866
546,block4,3,1,0,0.0,0,4,15,20,2295,2299,57.8,59.5,1980,/home/benny/Scrivania/OTel-capabilities-for-mixed-criticality-workloads/2-DoE/block4/t3_p1_s0_r0.0_e0_n4/run_15,134,16320
547,block4,3,0,0,0.0,2,4,16,20,2295,2300,58.0,59.5,2000,/home/benny/Scrivania/OTel-capabilities-for-mixed-criticality-workloads/2-DoE/block4/t3_p0_s0_r0.0_e2_n4/run_16,0,39472
548,block4,3,1,0,0.0,2,4,16,20,2295,2300,59.5,59.5,1980,/home/benny/Scrivania/OTel-capabilities-for-mixed-criticality-workloads/2-DoE/block4/t3_p1_s0_r0.0_e2_n4/run_16,134,39845
549,block4,3,0,0,0.0,0,4,16,20,2295,2300,59.2,59.1,2000,/home/benny/Scrivania/OTel-capabilities-for-mixed-criticality-workloads/2-DoE/block4/t3_p0_s0_r0.0_e0_n4/run_16,0,33898
550,block4,3,1,0,0.0,0,4,16,20,2295,2299,57.8,59.8,1980,/home/benny/Scrivania/OTel-capabilities-for-mixed-criticality-workloads/2-DoE/block4/t3_p1_s0_r0.0_e0_n4/run_16,134,16136
551,block4,3,0,0,0.0,2,4,17,20,2295,2299,58.0,58.9,2000,/home/benny/Scrivania/OTel-capabilities-for-mixed-criticality-workloads/2-DoE/block4/t3_p0_s0_r0.0_e2_n4/run_17,0,14700
552,block4,3,1,0,0.0,2,4,17,20,2295,2300,58.9,59.5,2000,/home/benny/Scrivania/OTel-capabilities-for-mixed-criticality-workloads/2-DoE/block4/t3_p1_s0_r0.0_e2_n4/run_17,0,39904
553,block4,3,0,0,0.0,0,4,17,20,2295,2300,59.1,59.2,2000,/home/benny/Scrivania/OTel-capabilities-for-mixed-criticality-workloads/2-DoE/block4/t3_p0_s0_r0.0_e0_n4/run_17,0,33718
554,block4,3,1,0,0.0,0,4,17,20,2295,2299,57.9,59.5,1980,/home/benny/Scrivania/OTel-capabilities-for-mixed-criticality-workloads/2-DoE/block4/t3_p1_s0_r0.0_e0_n4/run_17,134,16338
555,block4,3,0,0,0.0,2,4,18,20,2295,2300,57.9,59.4,2000,/home/benny/Scrivania/OTel-capabilities-for-mixed-criticality-workloads/2-DoE/block4/t3_p0_s0_r0.0_e2_n4/run_18,0,38373
556,block4,3,1,0,0.0,2,4,18,20,2295,2300,59.2,59.4,2000,/home/benny/Scrivania/OTel-capabilities-for-mixed-criticality-workloads/2-DoE/block4/t3_p1_s0_r0.0_e2_n4/run_18,0,40011
557,block4,3,0,0,0.0,0,4,18,20,2295,2300,59.2,59.4,2000,/home/benny/Scrivania/OTel-capabilities-for-mixed-criticality-workloads/2-DoE/block4/t3_p0_s0_r0.0_e0_n4/run_18,0,33763
558,block4,3,1,0,0.0,0,4,18,20,2295,2299,57.8,59.2,1980,/home/benny/Scrivania/OTel-capabilities-for-mixed-criticality-workloads/2-DoE/block4/t3_p1_s0_r0.0_e0_n4/run_18,134,16312
559,block4,3,0,0,0.0,2,4,19,20,2295,2300,58.0,59.2,2000,/home/benny/Scrivania/OTel-capabilities-for-mixed-criticality-workloads/2-DoE/block4/t3_p0_s0_r0.0_e2_n4/run_19,0,38526
560,block4,3,1,0,0.0,2,4,19,20,2295,2300,59.1,59.4,2000,/home/benny/Scrivania/OTel-capabilities-for-mixed-criticality-workloads/2-DoE/block4/t3_p1_s0_r0.0_e2_n4/run_19,0,39928
561,block4,3,0,0,0.0,0,4,19,20,2295,2299,59.2,59.6,2000,/home/benny/Scrivania/OTel-capabilities-for-mixed-criticality-workloads/2-DoE/block4/t3_p0_s0_r0.0_e0_n4/run_19,0,38951
562,block4,3,1,0,0.0,0,4,19,20,2295,2299,57.8,59.5,2000,/home/benny/Scrivania/OTel-capabilities-for-mixed-criticality-workloads/2-DoE/block4/t3_p1_s0_r0.0_e0_n4/run_19,134,16101
563,block4,3,0,0,0.0,2,4,20,20,2295,2300,57.9,59.4,2000,/home/benny/Scrivania/OTel-capabilities-for-mixed-criticality-workloads/2-DoE/block4/t3_p0_s0_r0.0_e2_n4/run_20,0,38548
564,block4,3,1,0,0.0,2,4,20,20,2295,2300,59.4,59.5,2000,/home/benny/Scrivania/OTel-capabilities-for-mixed-criticality-workloads/2-DoE/block4/t3_p1_s0_r0.0_e2_n4/run_20,0,39898
565,block4,3,0,0,0.0,0,4,20,20,2295,2300,59.5,60.5,2000,/home/benny/Scrivania/OTel-capabilities-for-mixed-criticality-workloads/2-DoE/block4/t3_p0_s0_r0.0_e0_n4/run_20,0,32599
566,block4,3,1,0,0.0,0,4,20,20,2295,2299,59.0,60.8,1980,/home/benny/Scrivania/OTel-capabilities-for-mixed-criticality-workloads/2-DoE/block4/t3_p1_s0_r0.0_e0_n4/run_20,134,15446
